TerenceMckenna-TrueHallucinations04-16_chunk_21_149913626545427_count_0_noise_-1_noise_type_White,3b,9.56,12.24,an accident the alleged murders,-1,True,0.886,0.2958,podcast_lecture,White,alleged,murders,"[{'transcript': 'an accident the alleged murders ', 'timestamps': [['an', 0.23, 0.36], ['accident', 0.36, 1.12], ['the', 1.67, 1.76], ['alleged', 1.76, 2.25], ['murders', 2.25, 2.9]], 'word_confidence': [['an', 0.79], ['accident', 0.992], ['the', 0.375], ['alleged', 0.981], ['murders', 0.255]], 'confidence': 0.725}]",an,0.9849,accident,0.9938,the,0.8076,alleged,0.8894,murders,0.3825
TerenceMckenna-TrueHallucinations04-16_chunk_21_149913626545427_count_0_noise_0_noise_type_White,3b,9.56,12.24,an accident the alleged murders,0,True,0.886,0.2958,podcast_lecture,White,alleged,murders,"[{'transcript': 'an accident the alleged murders ', 'timestamps': [['an', 0.23, 0.36], ['accident', 0.36, 1.12], ['the', 1.67, 1.76], ['alleged', 1.76, 2.25], ['murders', 2.25, 2.9]], 'word_confidence': [['an', 0.798], ['accident', 0.993], ['the', 0.392], ['alleged', 0.981], ['murders', 0.242]], 'confidence': 0.723}]",an,0.9847,accident,0.9878,the,0.7952,alleged,0.8914,murders,0.3875
TerenceMckenna-TrueHallucinations04-16_chunk_21_149913626545427_count_0_noise_10_noise_type_White,3b,9.56,12.24,an accident the alleged murders,10,True,0.886,0.2958,podcast_lecture,White,alleged,murders,"[{'transcript': 'an accident the alleged murders ', 'timestamps': [['an', 0.23, 0.36], ['accident', 0.36, 1.12], ['the', 1.67, 1.76], ['alleged', 1.76, 2.25], ['murders', 2.25, 2.9]], 'word_confidence': [['an', 0.77], ['accident', 0.992], ['the', 0.399], ['alleged', 0.97], ['murders', 0.189]], 'confidence': 0.702}]",an,0.9822,accident,0.9857,the,0.8043,alleged,0.919,murders,0.4277
TerenceMckenna-TrueHallucinations04-16_chunk_21_149913626545427_count_0_noise_20_noise_type_White,3b,9.56,12.24,an accident the alleged murders,20,True,0.886,0.2958,podcast_lecture,White,alleged,murders,"[{'transcript': 'an accident ', 'timestamps': [['an', 0.23, 0.35], ['accident', 0.35, 0.93]], 'word_confidence': [['an', 0.672], ['accident', 0.8]], 'confidence': 0.778}, {'transcript': ""alleged murderer's "", 'timestamps': [['alleged', 1.78, 2.25], [""murderer's"", 2.25, 2.89]], 'word_confidence': [['alleged', 0.994], [""murderer's"", 0.349]], 'confidence': 0.622}]",an,0.972,accident,0.9585,alleged,0.995,murderer's,0.6165
TerenceMckenna-TrueHallucinations04-16_chunk_21_149913626545427_count_0_noise_30_noise_type_White,3b,9.56,12.24,an accident the alleged murders,30,True,0.886,0.2958,podcast_lecture,White,alleged,murders,"[{'transcript': 'an accident ', 'timestamps': [['an', 0.24, 0.35], ['accident', 0.35, 0.92]], 'word_confidence': [['an', 0.565], ['accident', 0.519]], 'confidence': 0.526}, {'transcript': ""alleged murderer's "", 'timestamps': [['alleged', 1.76, 2.24], [""murderer's"", 2.24, 2.87]], 'word_confidence': [['alleged', 0.911], [""murderer's"", 0.192]], 'confidence': 0.503}]",an,0.8768,accident,0.8533,alleged,0.9696,murderer's,0.342
History_4A_Fall_2007_UC_Berkeley_Lecture_29_The_Roman_State_and_the_Christian_Church_20481_chunk_68_149913626545427_count_0_noise_-1_noise_type_White,3b,5.94,8.37,when the Persians captured Babylon right thing,-1,False,0.2866,0.8218,podcast_lecture,White,right,thing,"[{'transcript': 'when the Persians captured Babylon writer thing ', 'timestamps': [['when', 0.29, 0.39], ['the', 0.39, 0.45], ['Persians', 0.45, 0.82], ['captured', 0.82, 1.19], ['Babylon', 1.19, 1.9], ['writer', 2.1, 2.38], ['thing', 2.38, 2.67]], 'word_confidence': [['when', 0.625], ['the', 0.922], ['Persians', 0.544], ['captured', 0.607], ['Babylon', 0.997], ['writer', 0.062], ['thing', 0.541]], 'confidence': 0.654}]",when,0.9203,the,0.9892,Persians,0.9242,captured,0.9474,Babylon,0.951,writer,0.287,thing,0.639
History_4A_Fall_2007_UC_Berkeley_Lecture_29_The_Roman_State_and_the_Christian_Church_20481_chunk_68_149913626545427_count_0_noise_0_noise_type_White,3b,5.94,8.37,when the Persians captured Babylon right thing,0,False,0.2866,0.8218,podcast_lecture,White,right,thing,"[{'transcript': 'when the Persians captured Babylon writer thing ', 'timestamps': [['when', 0.29, 0.39], ['the', 0.39, 0.45], ['Persians', 0.45, 0.82], ['captured', 0.82, 1.18], ['Babylon', 1.18, 1.89], ['writer', 2.11, 2.38], ['thing', 2.38, 2.66]], 'word_confidence': [['when', 0.602], ['the', 0.888], ['Persians', 0.582], ['captured', 0.418], ['Babylon', 0.799], ['writer', 0.073], ['thing', 0.612]], 'confidence': 0.576}]",when,0.9456,the,0.985,Persians,0.9272,captured,0.9384,Babylon,0.9272,writer,0.3689,thing,0.7092
History_4A_Fall_2007_UC_Berkeley_Lecture_29_The_Roman_State_and_the_Christian_Church_20481_chunk_68_149913626545427_count_0_noise_10_noise_type_White,3b,5.94,8.37,when the Persians captured Babylon right thing,10,False,0.2866,0.8218,podcast_lecture,White,right,thing,"[{'transcript': 'when the Persians captured Babylon writer thing ', 'timestamps': [['when', 0.29, 0.39], ['the', 0.39, 0.45], ['Persians', 0.45, 0.82], ['captured', 0.82, 1.18], ['Babylon', 1.18, 1.87], ['writer', 2.1, 2.38], ['thing', 2.38, 2.65]], 'word_confidence': [['when', 0.615], ['the', 0.717], ['Persians', 0.41], ['captured', 0.312], ['Babylon', 0.838], ['writer', 0.055], ['thing', 0.323]], 'confidence': 0.493}]",when,0.9779,the,0.9095,Persians,0.7962,captured,0.8077,Babylon,0.9173,thing,0.532
History_4A_Fall_2007_UC_Berkeley_Lecture_29_The_Roman_State_and_the_Christian_Church_20481_chunk_68_149913626545427_count_0_noise_20_noise_type_White,3b,5.94,8.37,when the Persians captured Babylon right thing,20,False,0.2866,0.8218,podcast_lecture,White,right,thing,"[{'transcript': 'when a person staff Babylon writer thing ', 'timestamps': [['when', 0.29, 0.4], ['a', 0.4, 0.44], ['person', 0.44, 0.76], ['staff', 0.76, 1.08], ['Babylon', 1.19, 1.87], ['writer', 2.1, 2.38], ['thing', 2.38, 2.63]], 'word_confidence': [['when', 0.394], ['a', 0.319], ['person', 0.264], ['staff', 0.1], ['Babylon', 0.441], ['writer', 0.064], ['thing', 0.318]], 'confidence': 0.285}]",when,0.9116,a,0.5752,person,0.4368,thing,0.4221
History_4A_Fall_2007_UC_Berkeley_Lecture_29_The_Roman_State_and_the_Christian_Church_20481_chunk_68_149913626545427_count_0_noise_15_noise_type_White,3b,5.94,8.37,when the Persians captured Babylon right thing,15,False,0.2866,0.8218,podcast_lecture,White,right,thing,"[{'transcript': 'when the Persians captured Babylon writer thing ', 'timestamps': [['when', 0.29, 0.39], ['the', 0.39, 0.45], ['Persians', 0.45, 0.82], ['captured', 0.82, 1.18], ['Babylon', 1.18, 1.87], ['writer', 2.1, 2.38], ['thing', 2.38, 2.64]], 'word_confidence': [['when', 0.578], ['the', 0.669], ['Persians', 0.276], ['captured', 0.085], ['Babylon', 0.533], ['writer', 0.068], ['thing', 0.316]], 'confidence': 0.33}]",when,0.9772,the,0.6728,Persians,0.5239,captured,0.4079,Babylon,0.6496,thing,0.3889
History_4A_Fall_2007_UC_Berkeley_Lecture_29_The_Roman_State_and_the_Christian_Church_20481_chunk_68_149913626545427_count_0_noise_12_noise_type_White,3b,5.94,8.37,when the Persians captured Babylon right thing,12,False,0.2866,0.8218,podcast_lecture,White,right,thing,"[{'transcript': 'when the Persians captured Babylon writer thing ', 'timestamps': [['when', 0.29, 0.39], ['the', 0.39, 0.45], ['Persians', 0.45, 0.82], ['captured', 0.82, 1.18], ['Babylon', 1.18, 1.87], ['writer', 2.1, 2.38], ['thing', 2.38, 2.65]], 'word_confidence': [['when', 0.644], ['the', 0.685], ['Persians', 0.363], ['captured', 0.34], ['Babylon', 0.902], ['writer', 0.062], ['thing', 0.326]], 'confidence': 0.512}]",when,0.9816,the,0.8292,Persians,0.6984,captured,0.8128,Babylon,0.8906,thing,0.4644
History_4A_Fall_2007_UC_Berkeley_Lecture_29_The_Roman_State_and_the_Christian_Church_20481_chunk_68_149913626545427_count_0_noise_11_noise_type_White,3b,5.94,8.37,when the Persians captured Babylon right thing,11,False,0.2866,0.8218,podcast_lecture,White,right,thing,"[{'transcript': 'when the Persians captured Babylon writer thing ', 'timestamps': [['when', 0.29, 0.39], ['the', 0.39, 0.45], ['Persians', 0.45, 0.82], ['captured', 0.82, 1.18], ['Babylon', 1.18, 1.87], ['writer', 2.1, 2.38], ['thing', 2.38, 2.65]], 'word_confidence': [['when', 0.568], ['the', 0.729], ['Persians', 0.41], ['captured', 0.252], ['Babylon', 0.877], ['writer', 0.065], ['thing', 0.339]], 'confidence': 0.497}]",when,0.9753,the,0.8686,Persians,0.7554,captured,0.7621,Babylon,0.8863,thing,0.473
TerenceMckenna-TrueHallucinations13-16_chunk_93_149913626545427_count_0_noise_-1_noise_type_White,3b,1.63,4.16,to humanity but the means should,-1,False,0.4772,0.7418,podcast_lecture,White,means,should,"[{'transcript': 'to humanity but the meanings should ', 'timestamps': [['to', 0.26, 0.38], ['humanity', 0.38, 1.39], ['but', 1.76, 1.92], ['the', 1.92, 2.05], ['meanings', 2.05, 2.52], ['should', 2.52, 2.79]], 'word_confidence': [['to', 0.706], ['humanity', 0.542], ['but', 0.989], ['the', 0.623], ['meanings', 0.314], ['should', 0.252]], 'confidence': 0.503}]",to,0.9425,humanity,0.9503,but,0.9505,the,0.8972,little,0.4452,shit,0.3857
History_4A_Fall_2007_UC_Berkeley_Lecture_24_Monarchy_at_Rome_The_Age_of_Augustus_20476_chunk_83_149913626545427_count_0_noise_-1_noise_type_White,3b,8.91,11.75,the Roman army from amateur farmers,-1,True,0.9721,0.4791,podcast_lecture,White,amateur,farmers,"[{'transcript': 'the Roman army ', 'timestamps': [['the', 0.27, 0.35], ['Roman', 0.35, 0.67], ['army', 0.67, 1.15]], 'word_confidence': [['the', 0.792], ['Roman', 1.0], ['army', 0.996]], 'confidence': 0.979}, {'transcript': 'from amateur farmers ', 'timestamps': [['from', 1.87, 2.06], ['amateur', 2.16, 2.62], ['farmers', 2.62, 3.09]], 'word_confidence': [['from', 1.0], ['amateur', 0.791], ['farmers', 0.829]], 'confidence': 0.842}]",the,0.9944,Roman,0.9944,army,0.9928,from,1.0,amateur,0.9875,farmers,0.864
History_4A_Fall_2007_UC_Berkeley_Lecture_24_Monarchy_at_Rome_The_Age_of_Augustus_20476_chunk_83_149913626545427_count_0_noise_0_noise_type_White,3b,8.91,11.75,the Roman army from amateur farmers,0,True,0.9721,0.4791,podcast_lecture,White,amateur,farmers,"[{'transcript': 'the Roman army ', 'timestamps': [['the', 0.3, 0.36], ['Roman', 0.36, 0.67], ['army', 0.67, 1.14]], 'word_confidence': [['the', 0.269], ['Roman', 0.644], ['army', 0.975]], 'confidence': 0.803}, {'transcript': 'amateur farmers ', 'timestamps': [['amateur', 2.16, 2.62], ['farmers', 2.62, 3.08]], 'word_confidence': [['amateur', 1.0], ['farmers', 0.7]], 'confidence': 0.85}]",the,0.5415,Roman,0.8454,army,0.9839,amateur,1.0,farmers,0.794
History_4A_Fall_2007_UC_Berkeley_Lecture_24_Monarchy_at_Rome_The_Age_of_Augustus_20476_chunk_83_149913626545427_count_0_noise_10_noise_type_White,3b,8.91,11.75,the Roman army from amateur farmers,10,True,0.9721,0.4791,podcast_lecture,White,amateur,farmers,"[{'transcript': 'the Roman army ', 'timestamps': [['the', 0.3, 0.36], ['Roman', 0.36, 0.67], ['army', 0.67, 1.01]], 'word_confidence': [['the', 0.059], ['Roman', 0.205], ['army', 0.245]], 'confidence': 0.212}, {'transcript': 'from amateur farmers ', 'timestamps': [['from', 1.88, 2.06], ['amateur', 2.17, 2.62], ['farmers', 2.62, 3.07]], 'word_confidence': [['from', 0.849], ['amateur', 0.75], ['farmers', 0.628]], 'confidence': 0.716}]",Roman,0.7329,army,0.6628,from,0.993,amateur,0.9513,farmers,0.7489
History_4A_Fall_2007_UC_Berkeley_Lecture_24_Monarchy_at_Rome_The_Age_of_Augustus_20476_chunk_83_149913626545427_count_0_noise_11_noise_type_White,3b,8.91,11.75,the Roman army from amateur farmers,11,True,0.9721,0.4791,podcast_lecture,White,amateur,farmers,"[{'transcript': 'around the time ', 'timestamps': [['around', 0.29, 0.58], ['the', 0.58, 0.64], ['time', 0.64, 0.96]], 'word_confidence': [['around', 0.536], ['the', 0.185], ['time', 0.09]], 'confidence': 0.292}, {'transcript': 'from amateur farmers ', 'timestamps': [['from', 1.88, 2.05], ['amateur', 2.17, 2.62], ['farmers', 2.62, 3.07]], 'word_confidence': [['from', 0.824], ['amateur', 0.767], ['farmers', 0.642]], 'confidence': 0.723}]",Roman,0.5187,army,0.4411,from,0.9907,amateur,0.948,farmers,0.7371
History_4A_Fall_2007_UC_Berkeley_Lecture_08_Archaeology_Myth_and_History_the_Minoan_and_Mycenaean_Worlds_20460_chunk_86_149913626545427_count_0_noise_-1_noise_type_White,3b,12.8,15.23,just exactly as on cannot socks,-1,True,0.9933,0.4073,podcast_lecture,White,cannot,socks,"[{'transcript': 'exactly as on cannot stop ', 'timestamps': [['exactly', 0.44, 1.2], ['as', 1.45, 1.75], ['on', 1.75, 2.0], ['cannot', 2.0, 2.4], ['stop', 2.4, 2.67]], 'word_confidence': [['exactly', 0.995], ['as', 0.794], ['on', 0.972], ['cannot', 0.761], ['stop', 0.085]], 'confidence': 0.79}]",exactly,0.993,as,0.9363,on,0.9824,cannot,0.9717
History_4A_Fall_2007_UC_Berkeley_Lecture_08_Archaeology_Myth_and_History_the_Minoan_and_Mycenaean_Worlds_20460_chunk_86_149913626545427_count_0_noise_0_noise_type_White,3b,12.8,15.23,just exactly as on cannot socks,0,True,0.9933,0.4073,podcast_lecture,White,cannot,socks,"[{'transcript': 'just exactly as on cannot stop ', 'timestamps': [['just', 0.29, 0.47], ['exactly', 0.47, 1.19], ['as', 1.46, 1.74], ['on', 1.74, 2.0], ['cannot', 2.0, 2.4], ['stop', 2.4, 2.67]], 'word_confidence': [['just', 0.567], ['exactly', 1.0], ['as', 1.0], ['on', 0.787], ['cannot', 0.798], ['stop', 0.254]], 'confidence': 0.803}]",just,0.771,exactly,1.0,as,0.9837,on,0.9691,cannot,0.9478,stop,0.8309
History_4A_Fall_2007_UC_Berkeley_Lecture_08_Archaeology_Myth_and_History_the_Minoan_and_Mycenaean_Worlds_20460_chunk_86_149913626545427_count_0_noise_5_noise_type_White,3b,12.8,15.23,just exactly as on cannot socks,5,True,0.9933,0.4073,podcast_lecture,White,cannot,socks,"[{'transcript': 'exactly as on cannot stop ', 'timestamps': [['exactly', 0.44, 1.19], ['as', 1.45, 1.73], ['on', 1.77, 2.0], ['cannot', 2.0, 2.39], ['stop', 2.39, 2.67]], 'word_confidence': [['exactly', 0.98], ['as', 0.658], ['on', 0.857], ['cannot', 0.414], ['stop', 0.31]], 'confidence': 0.707}]",exactly,0.9915,as,0.8998,on,0.8933,cannot,0.6359,stop,0.5941
wetlands_chunk_95_149913626545427_count_0_noise_-1_noise_type_White,3b,13.38,16.87,a true human they include with,-1,False,0.3911,0.9734,podcast_lecture,White,include,with,"[{'transcript': 'true ', 'timestamps': [['true', 0.32, 0.63]], 'word_confidence': [['true', 0.275]], 'confidence': 0.275}, {'transcript': 'they include sharing it with ', 'timestamps': [['they', 1.83, 2.0], ['include', 2.0, 2.46], ['sharing', 2.46, 2.92], ['it', 2.92, 3.02], ['with', 3.53, 3.7]], 'word_confidence': [['they', 0.038], ['include', 0.011], ['sharing', 0.815], ['it', 0.194], ['with', 0.633]], 'confidence': 0.378}]",true,0.7215,with,0.5565
wetlands_chunk_95_149913626545427_count_0_noise_0_noise_type_White,3b,13.38,16.87,a true human they include with,0,False,0.3911,0.9734,podcast_lecture,White,include,with,"[{'transcript': 'true ', 'timestamps': [['true', 0.31, 0.63]], 'word_confidence': [['true', 0.25]], 'confidence': 0.25}, {'transcript': 'they include sharing it with ', 'timestamps': [['they', 1.82, 2.0], ['include', 2.0, 2.46], ['sharing', 2.46, 2.92], ['it', 2.92, 3.01], ['with', 3.53, 3.7]], 'word_confidence': [['they', 0.04], ['include', 0.013], ['sharing', 0.875], ['it', 0.205], ['with', 0.548]], 'confidence': 0.387}]",true,0.6528,with,0.6337
wetlands_chunk_95_149913626545427_count_0_noise_10_noise_type_White,3b,13.38,16.87,a true human they include with,10,False,0.3911,0.9734,podcast_lecture,White,include,with,"[{'transcript': 'true ', 'timestamps': [['true', 0.29, 0.63]], 'word_confidence': [['true', 0.225]], 'confidence': 0.225}, {'transcript': 'name sharing it with ', 'timestamps': [['name', 1.83, 2.22], ['sharing', 2.47, 2.92], ['it', 2.92, 3.01], ['with', 3.53, 3.7]], 'word_confidence': [['name', 0.124], ['sharing', 0.826], ['it', 0.195], ['with', 0.552]], 'confidence': 0.483}]",true,0.5327,with,0.6018
wetlands_chunk_95_149913626545427_count_0_noise_20_noise_type_White,3b,13.38,16.87,a true human they include with,20,False,0.3911,0.9734,podcast_lecture,White,include,with,"[{'transcript': 'Trinity minus name sharing it with ', 'timestamps': [['Trinity', 0.3, 0.93], ['minus', 0.93, 1.5], ['name', 1.68, 2.22], ['sharing', 2.47, 2.92], ['it', 2.92, 3.01], ['with', 3.53, 3.7]], 'word_confidence': [['Trinity', 0.159], ['minus', 0.148], ['name', 0.068], ['sharing', 0.678], ['it', 0.243], ['with', 0.635]], 'confidence': 0.268}]",Trinity,0.5119,with,0.6414
wetlands_chunk_95_149913626545427_count_0_noise_22_noise_type_White,3b,13.38,16.87,a true human they include with,22,False,0.3911,0.9734,podcast_lecture,White,include,with,"[{'transcript': 'Trinity manor lane sharing it with ', 'timestamps': [['Trinity', 0.3, 0.93], ['manor', 0.93, 1.38], ['lane', 1.82, 2.21], ['sharing', 2.47, 2.92], ['it', 2.92, 3.02], ['with', 3.54, 3.7]], 'word_confidence': [['Trinity', 0.272], ['manor', 0.069], ['lane', 0.063], ['sharing', 0.68], ['it', 0.235], ['with', 0.571]], 'confidence': 0.297}]",Trinity,0.8458,manor,0.584,sharing,0.5412,with,0.7191
tmckenna-npr-mar99_chunk_97_149913626545427_count_0_noise_-1_noise_type_White,3b,2.02,4.48,<eps> human history and seen human,-1,False,0.3972,0.9078,podcast_lecture,White,seen,human,"[{'transcript': 'the human history ends in human ', 'timestamps': [['the', 0.2, 0.38], ['human', 0.38, 0.9], ['history', 0.9, 1.5], ['ends', 1.5, 2.12], ['in', 2.12, 2.26], ['human', 2.26, 2.7]], 'word_confidence': [['the', 0.434], ['human', 0.952], ['history', 1.0], ['ends', 0.239], ['in', 0.159], ['human', 0.836]], 'confidence': 0.684}]",the,0.7464,human,0.9772,history,0.9626,and,0.6319,seem,0.5202,human,0.7885
tmckenna-npr-mar99_chunk_97_149913626545427_count_0_noise_0_noise_type_White,3b,2.02,4.48,<eps> human history and seen human,0,False,0.3972,0.9078,podcast_lecture,White,seen,human,"[{'transcript': 'in history ends in human ', 'timestamps': [['in', 0.78, 0.9], ['history', 0.9, 1.51], ['ends', 1.51, 2.12], ['in', 2.12, 2.26], ['human', 2.26, 2.7]], 'word_confidence': [['in', 0.31], ['history', 0.997], ['ends', 0.2], ['in', 0.24], ['human', 0.713]], 'confidence': 0.58}]",in,0.6238,history,0.9278,and,0.5287,in,0.4033,human,0.7492
tmckenna-npr-mar99_chunk_97_149913626545427_count_0_noise_10_noise_type_White,3b,2.02,4.48,<eps> human history and seen human,10,False,0.3972,0.9078,podcast_lecture,White,seen,human,"[{'transcript': 'the human history ends in human ', 'timestamps': [['the', 0.33, 0.39], ['human', 0.39, 0.91], ['history', 0.91, 1.5], ['ends', 1.5, 2.12], ['in', 2.12, 2.26], ['human', 2.26, 2.7]], 'word_confidence': [['the', 0.358], ['human', 0.981], ['history', 1.0], ['ends', 0.335], ['in', 0.174], ['human', 0.912]], 'confidence': 0.74}]",a,0.4842,human,0.9879,history,0.9837,ends,0.7282,in,0.5888,human,0.7376
tmckenna-npr-mar99_chunk_97_149913626545427_count_0_noise_20_noise_type_White,3b,2.02,4.48,<eps> human history and seen human,20,False,0.3972,0.9078,podcast_lecture,White,seen,human,"[{'transcript': 'the human history ends in human ', 'timestamps': [['the', 0.33, 0.41], ['human', 0.41, 0.92], ['history', 0.92, 1.5], ['ends', 1.5, 2.11], ['in', 2.11, 2.26], ['human', 2.26, 2.69]], 'word_confidence': [['the', 0.355], ['human', 0.95], ['history', 1.0], ['ends', 0.24], ['in', 0.257], ['human', 0.922]], 'confidence': 0.71}]",the,0.7348,human,0.9852,history,0.984,ends,0.5125,in,0.4224,human,0.5667
tmckenna-npr-mar99_chunk_97_149913626545427_count_0_noise_21_noise_type_White,3b,2.02,4.48,<eps> human history and seen human,21,False,0.3972,0.9078,podcast_lecture,White,seen,human,"[{'transcript': 'the human history ends in human ', 'timestamps': [['the', 0.33, 0.41], ['human', 0.41, 0.93], ['history', 0.93, 1.5], ['ends', 1.5, 2.11], ['in', 2.11, 2.26], ['human', 2.26, 2.69]], 'word_confidence': [['the', 0.381], ['human', 0.941], ['history', 1.0], ['ends', 0.193], ['in', 0.291], ['human', 0.852]], 'confidence': 0.685}]",the,0.762,human,0.9904,history,0.9891,ends,0.4563,in,0.3934,human,0.5213
TerenceMckenna-TrueHallucinations04-16_chunk_10_149913626545427_count_0_noise_-1_noise_type_White,3b,16.43,19.17,LSD which seemed more abrasive place,-1,True,0.97,0.4354,podcast_lecture,White,abrasive,place,"[{'transcript': 'LST which seemed more abrasive place ', 'timestamps': [['LST', 0.24, 1.12], ['which', 1.15, 1.31], ['seemed', 1.31, 1.81], ['more', 1.84, 2.08], ['abrasive', 2.08, 2.71], ['place', 2.71, 2.97]], 'word_confidence': [['LST', 0.23], ['which', 1.0], ['seemed', 0.558], ['more', 1.0], ['abrasive', 1.0], ['place', 0.431]], 'confidence': 0.608}]",LST,0.579,which,0.9727,seemed,0.9158,more,0.9292,abrasive,0.9793,place,0.8183
TerenceMckenna-TrueHallucinations04-16_chunk_10_149913626545427_count_0_noise_0_noise_type_White,3b,16.43,19.17,LSD which seemed more abrasive place,0,True,0.97,0.4354,podcast_lecture,White,abrasive,place,"[{'transcript': 'LST which seemed more abrasive place ', 'timestamps': [['LST', 0.24, 1.12], ['which', 1.15, 1.31], ['seemed', 1.31, 1.81], ['more', 1.84, 2.08], ['abrasive', 2.08, 2.71], ['place', 2.71, 2.97]], 'word_confidence': [['LST', 0.187], ['which', 1.0], ['seemed', 0.561], ['more', 1.0], ['abrasive', 1.0], ['place', 0.423]], 'confidence': 0.594}]",LST,0.5514,which,0.9574,seemed,0.9061,more,0.9488,abrasive,0.9802,place,0.8134
TerenceMckenna-TrueHallucinations04-16_chunk_10_149913626545427_count_0_noise_10_noise_type_White,3b,16.43,19.17,LSD which seemed more abrasive place,10,True,0.97,0.4354,podcast_lecture,White,abrasive,place,"[{'transcript': 'LST which seemed more abrasive place ', 'timestamps': [['LST', 0.24, 1.12], ['which', 1.15, 1.31], ['seemed', 1.31, 1.81], ['more', 1.84, 2.08], ['abrasive', 2.08, 2.71], ['place', 2.71, 2.97]], 'word_confidence': [['LST', 0.064], ['which', 1.0], ['seemed', 0.597], ['more', 1.0], ['abrasive', 1.0], ['place', 0.407]], 'confidence': 0.559}]",LST,0.3768,which,0.8912,seemed,0.8784,more,0.9499,abrasive,0.9828,place,0.8309
TerenceMckenna-TrueHallucinations04-16_chunk_10_149913626545427_count_0_noise_20_noise_type_White,3b,16.43,19.17,LSD which seemed more abrasive place,20,True,0.97,0.4354,podcast_lecture,White,abrasive,place,"[{'transcript': 'LST which seemed more abrasive place ', 'timestamps': [['LST', 0.24, 1.12], ['which', 1.15, 1.31], ['seemed', 1.31, 1.81], ['more', 1.84, 2.08], ['abrasive', 2.08, 2.71], ['place', 2.71, 2.96]], 'word_confidence': [['LST', 0.077], ['which', 1.0], ['seemed', 0.571], ['more', 1.0], ['abrasive', 1.0], ['place', 0.276]], 'confidence': 0.546}]",LST,0.4712,which,0.9135,seemed,0.7968,more,0.9623,abrasive,0.9947,place,0.7775
TerenceMckenna-TrueHallucinations04-16_chunk_10_149913626545427_count_0_noise_25_noise_type_White,3b,16.43,19.17,LSD which seemed more abrasive place,25,True,0.97,0.4354,podcast_lecture,White,abrasive,place,"[{'transcript': 'LST which seemed more abrasive place ', 'timestamps': [['LST', 0.24, 1.12], ['which', 1.15, 1.32], ['seemed', 1.32, 1.81], ['more', 1.84, 2.08], ['abrasive', 2.08, 2.71], ['place', 2.71, 2.95]], 'word_confidence': [['LST', 0.07], ['which', 1.0], ['seemed', 0.487], ['more', 1.0], ['abrasive', 1.0], ['place', 0.206]], 'confidence': 0.524}]",see,0.403,which,0.8157,seemed,0.687,more,0.9131,abrasive,0.9784,place,0.6698
TerenceMckenna-TrueHallucinations04-16_chunk_10_149913626545427_count_0_noise_27_noise_type_White,3b,16.43,19.17,LSD which seemed more abrasive place,27,True,0.97,0.4354,podcast_lecture,White,abrasive,place,"[{'transcript': 'LST which seemed mark break fifth place ', 'timestamps': [['LST', 0.24, 1.12], ['which', 1.15, 1.32], ['seemed', 1.32, 1.81], ['mark', 1.84, 2.18], ['break', 2.18, 2.47], ['fifth', 2.47, 2.74], ['place', 2.74, 2.93]], 'word_confidence': [['LST', 0.05], ['which', 1.0], ['seemed', 0.494], ['mark', 0.41], ['break', 0.167], ['fifth', 0.019], ['place', 0.24]], 'confidence': 0.264}]",see,0.2655,which,0.8839,seemed,0.8028,mark,0.5131
TerenceMckenna-TrueHallucinations04-16_chunk_10_149913626545427_count_0_noise_26_noise_type_White,3b,16.43,19.17,LSD which seemed more abrasive place,26,True,0.97,0.4354,podcast_lecture,White,abrasive,place,"[{'transcript': 'LST which seemed more afraid if we ', 'timestamps': [['LST', 0.24, 1.12], ['which', 1.15, 1.32], ['seemed', 1.32, 1.81], ['more', 1.84, 2.08], ['afraid', 2.08, 2.4], ['if', 2.55, 2.75], ['we', 2.75, 2.91]], 'word_confidence': [['LST', 0.062], ['which', 1.0], ['seemed', 0.582], ['more', 0.237], ['afraid', 0.051], ['if', 0.738], ['we', 0.036]], 'confidence': 0.299}]",see,0.3592,which,0.8542,seemed,0.8044,mark,0.6264,break,0.3692
TerenceMckenna-TrueHallucinations09-16_chunk_36_149913626545427_count_0_noise_-1_noise_type_White,3b,6.13,9.08,use the image and whatever stirred,-1,True,0.9347,0.2155,podcast_lecture,White,whatever,stirred,"[{'transcript': 'use the image and whatever Sir ', 'timestamps': [['use', 0.29, 0.87], ['the', 1.12, 1.27], ['image', 1.27, 1.82], ['and', 1.82, 2.06], ['whatever', 2.06, 2.65], ['Sir', 2.69, 3.15]], 'word_confidence': [['use', 0.447], ['the', 0.866], ['image', 0.41], ['and', 0.4], ['whatever', 0.943], ['Sir', 0.327]], 'confidence': 0.552}]",use,0.7111,the,0.9018,image,0.5794,and,0.7138,whatever,0.7427,<eps>,0.7856
TerenceMckenna-TrueHallucinations09-16_chunk_36_149913626545427_count_0_noise_0_noise_type_White,3b,6.13,9.08,use the image and whatever stirred,0,True,0.9347,0.2155,podcast_lecture,White,whatever,stirred,"[{'transcript': 'use the image and whatever Sir ', 'timestamps': [['use', 0.27, 0.87], ['the', 1.12, 1.3], ['image', 1.35, 1.82], ['and', 1.82, 2.06], ['whatever', 2.06, 2.65], ['Sir', 2.69, 3.15]], 'word_confidence': [['use', 0.438], ['the', 0.761], ['image', 0.251], ['and', 0.594], ['whatever', 0.94], ['Sir', 0.335]], 'confidence': 0.539}]",use,0.7699,the,0.9121,image,0.2732,and,0.711,whatever,0.7379
TerenceMckenna-TrueHallucinations09-16_chunk_36_149913626545427_count_0_noise_10_noise_type_White,3b,6.13,9.08,use the image and whatever stirred,10,True,0.9347,0.2155,podcast_lecture,White,whatever,stirred,"[{'transcript': 'news ', 'timestamps': [['news', 0.27, 0.87]], 'word_confidence': [['news', 0.394]], 'confidence': 0.394}, {'transcript': 'the limits and whatever Sir ', 'timestamps': [['the', 1.12, 1.23], ['limits', 1.23, 1.83], ['and', 1.83, 2.06], ['whatever', 2.06, 2.65], ['Sir', 2.69, 3.15]], 'word_confidence': [['the', 0.871], ['limits', 0.319], ['and', 0.216], ['whatever', 0.836], ['Sir', 0.299]], 'confidence': 0.486}]",news,0.796,the,0.9845,limits,0.663,on,0.6387,whatever,0.6477,<eps>,0.6135
TerenceMckenna-TrueHallucinations09-16_chunk_36_149913626545427_count_0_noise_20_noise_type_White,3b,6.13,9.08,use the image and whatever stirred,20,True,0.9347,0.2155,podcast_lecture,White,whatever,stirred,"[{'transcript': 'news from the Emirates and whatever Sir ', 'timestamps': [['news', 0.27, 0.87], ['from', 1.1, 1.25], ['the', 1.25, 1.33], ['Emirates', 1.33, 1.82], ['and', 1.82, 2.06], ['whatever', 2.06, 2.65], ['Sir', 2.69, 3.15]], 'word_confidence': [['news', 0.311], ['from', 0.026], ['the', 0.039], ['Emirates', 0.023], ['and', 0.156], ['whatever', 0.917], ['Sir', 0.308]], 'confidence': 0.354}]",news,0.7596,preeminence,0.4503,whatever,0.8132,<eps>,0.6101
TerenceMckenna-TrueHallucinations09-16_chunk_36_149913626545427_count_0_noise_22_noise_type_White,3b,6.13,9.08,use the image and whatever stirred,22,True,0.9347,0.2155,podcast_lecture,White,whatever,stirred,"[{'transcript': 'news from the Emirates and whatever Surrey ', 'timestamps': [['news', 0.27, 0.87], ['from', 1.11, 1.25], ['the', 1.25, 1.33], ['Emirates', 1.33, 1.82], ['and', 1.82, 2.06], ['whatever', 2.06, 2.65], ['Surrey', 2.69, 3.15]], 'word_confidence': [['news', 0.273], ['from', 0.032], ['the', 0.042], ['Emirates', 0.022], ['and', 0.181], ['whatever', 0.921], ['Surrey', 0.2]], 'confidence': 0.331}]",news,0.5877,preeminence,0.5751,in,0.344,whatever,0.7951,<eps>,0.6339
TerenceMckenna-TrueHallucinations09-16_chunk_36_149913626545427_count_0_noise_23_noise_type_White,3b,6.13,9.08,use the image and whatever stirred,23,True,0.9347,0.2155,podcast_lecture,White,whatever,stirred,"[{'transcript': 'news from the Emirates and whatever Surrey ', 'timestamps': [['news', 0.27, 0.87], ['from', 1.11, 1.25], ['the', 1.25, 1.35], ['Emirates', 1.35, 1.82], ['and', 1.82, 2.06], ['whatever', 2.06, 2.65], ['Surrey', 2.69, 3.15]], 'word_confidence': [['news', 0.277], ['from', 0.162], ['the', 0.115], ['Emirates', 0.105], ['and', 0.344], ['whatever', 0.916], ['Surrey', 0.179]], 'confidence': 0.367}]",news,0.9079,from,0.8377,the,0.8377,Emirates,0.8366,and,0.733,whatever,0.8251,<eps>,0.7228
FinneginsWake_chunk_70_149913626545427_count_0_noise_-1_noise_type_White,3b,17.04,18.48,could tell it again then,-1,True,0.815,0.4953,podcast_lecture,White,again,then,"[{'transcript': 'the Taliban ', 'timestamps': [['the', 0.28, 0.38], ['Taliban', 0.38, 1.59]], 'word_confidence': [['the', 0.592], ['Taliban', 0.296]], 'confidence': 0.318}]",the,0.991,Taliban,0.9232
TerenceMckenna-TrueHallucinations07-16_chunk_1_149913626545427_count_0_noise_-1_noise_type_White,3b,2.34,5.13,dreamless sleep assignments stars,-1,False,0.421,0.8402,podcast_lecture,White,assignments,stars,"[{'transcript': 'dreamless sleep assignments stars ', 'timestamps': [['dreamless', 0.25, 0.85], ['sleep', 0.85, 1.45], ['assignments', 1.54, 2.35], ['stars', 2.35, 3.01]], 'word_confidence': [['dreamless', 1.0], ['sleep', 0.994], ['assignments', 0.41], ['stars', 0.998]], 'confidence': 0.819}]",dreamless,1.0,sleep,0.9951,assignments,0.46,stars,0.9407
TerenceMckenna-TrueHallucinations07-16_chunk_1_149913626545427_count_0_noise_0_noise_type_White,3b,2.34,5.13,dreamless sleep assignments stars,0,False,0.421,0.8402,podcast_lecture,White,assignments,stars,"[{'transcript': 'dreamless sleep assignments stars ', 'timestamps': [['dreamless', 0.25, 0.85], ['sleep', 0.85, 1.43], ['assignments', 1.54, 2.35], ['stars', 2.35, 3.02]], 'word_confidence': [['dreamless', 1.0], ['sleep', 0.993], ['assignments', 0.285], ['stars', 0.998]], 'confidence': 0.78}]",dreamless,0.9999,sleep,0.9914,assignment,0.4681,stars,0.9719
TerenceMckenna-TrueHallucinations07-16_chunk_1_149913626545427_count_0_noise_10_noise_type_White,3b,2.34,5.13,dreamless sleep assignments stars,10,False,0.421,0.8402,podcast_lecture,White,assignments,stars,"[{'transcript': 'dreamless sleep assignments stars ', 'timestamps': [['dreamless', 0.25, 1.06], ['sleep', 1.09, 1.43], ['assignments', 1.53, 2.35], ['stars', 2.35, 3.02]], 'word_confidence': [['dreamless', 1.0], ['sleep', 0.983], ['assignments', 0.334], ['stars', 0.731]], 'confidence': 0.723}]",dreamless,1.0,sleep,0.9882,<eps>,0.8824,assignments,0.3825,stars,0.9049
TerenceMckenna-TrueHallucinations07-16_chunk_1_149913626545427_count_0_noise_20_noise_type_White,3b,2.34,5.13,dreamless sleep assignments stars,20,False,0.421,0.8402,podcast_lecture,White,assignments,stars,"[{'transcript': 'dreamless sleep assignment started ', 'timestamps': [['dreamless', 0.25, 1.08], ['sleep', 1.11, 1.42], ['assignment', 1.53, 2.32], ['started', 2.32, 2.91]], 'word_confidence': [['dreamless', 0.9], ['sleep', 0.878], ['assignment', 0.175], ['started', 0.413]], 'confidence': 0.556}]",dreamless,0.9975,sleep,0.9702,assignment,0.3485
TerenceMckenna-TrueHallucinations07-16_chunk_1_149913626545427_count_0_noise_15_noise_type_White,3b,2.34,5.13,dreamless sleep assignments stars,15,False,0.421,0.8402,podcast_lecture,White,assignments,stars,"[{'transcript': 'dreamless sleep assignment stars ', 'timestamps': [['dreamless', 0.25, 1.06], ['sleep', 1.09, 1.42], ['assignment', 1.53, 2.32], ['stars', 2.32, 3.01]], 'word_confidence': [['dreamless', 1.0], ['sleep', 0.992], ['assignment', 0.23], ['stars', 0.199]], 'confidence': 0.556}]",dreamless,1.0,sleep,0.9925,<eps>,0.6993,assignment,0.3473
TerenceMckenna-TrueHallucinations07-16_chunk_1_149913626545427_count_0_noise_12_noise_type_White,3b,2.34,5.13,dreamless sleep assignments stars,12,False,0.421,0.8402,podcast_lecture,White,assignments,stars,"[{'transcript': 'dreamless sleep assignments stars ', 'timestamps': [['dreamless', 0.25, 1.06], ['sleep', 1.09, 1.43], ['assignments', 1.53, 2.35], ['stars', 2.35, 3.02]], 'word_confidence': [['dreamless', 1.0], ['sleep', 0.988], ['assignments', 0.325], ['stars', 0.609]], 'confidence': 0.69}]",dreamless,1.0,sleep,0.9851,<eps>,0.7505,assignments,0.3558,stars,0.8659
TerenceMckenna-TrueHallucinations07-16_chunk_1_149913626545427_count_0_noise_14_noise_type_White,3b,2.34,5.13,dreamless sleep assignments stars,14,False,0.421,0.8402,podcast_lecture,White,assignments,stars,"[{'transcript': 'dreamless sleep assignment stars ', 'timestamps': [['dreamless', 0.25, 1.06], ['sleep', 1.09, 1.42], ['assignment', 1.53, 2.32], ['stars', 2.32, 3.01]], 'word_confidence': [['dreamless', 1.0], ['sleep', 0.992], ['assignment', 0.239], ['stars', 0.322]], 'confidence': 0.591}]",dreamless,0.9999,sleep,0.991,<eps>,0.6433,silent,0.3859,stars,0.5988
TerenceMckenna-TrueHallucinations07-16_chunk_1_149913626545427_count_1_noise_-1_noise_type_White,3b,18.07,20.94,to the referee single childless summers this,-1,False,0.4735,0.8042,podcast_lecture,White,summers,this,"[{'transcript': 'to the referees in which I was embarrassed this ', 'timestamps': [['to', 0.25, 0.33], ['the', 0.33, 0.44], ['referees', 0.44, 1.13], ['in', 1.13, 1.22], ['which', 1.22, 1.47], ['I', 1.47, 1.55], ['was', 1.55, 1.77], ['embarrassed', 1.77, 2.5], ['this', 2.91, 3.12]], 'word_confidence': [['to', 0.46], ['the', 0.987], ['referees', 0.326], ['in', 0.087], ['which', 0.423], ['I', 0.505], ['was', 0.67], ['embarrassed', 0.148], ['this', 0.718]], 'confidence': 0.378}]",to,0.6552,the,0.9845,referee,0.5735,which,0.5338,I,0.6833,was,0.6227,embarrassed,0.3743,this,0.8515
TerenceMckenna-TrueHallucinations07-16_chunk_1_149913626545427_count_1_noise_0_noise_type_White,3b,18.07,20.94,to the referee single childless summers this,0,False,0.4735,0.8042,podcast_lecture,White,summers,this,"[{'transcript': 'to the referees in which I was embarrassed this ', 'timestamps': [['to', 0.25, 0.33], ['the', 0.33, 0.44], ['referees', 0.44, 1.13], ['in', 1.13, 1.22], ['which', 1.22, 1.47], ['I', 1.47, 1.55], ['was', 1.55, 1.77], ['embarrassed', 1.77, 2.5], ['this', 2.91, 3.12]], 'word_confidence': [['to', 0.431], ['the', 0.976], ['referees', 0.339], ['in', 0.124], ['which', 0.427], ['I', 0.436], ['was', 0.667], ['embarrassed', 0.239], ['this', 0.819]], 'confidence': 0.415}]",to,0.6477,the,0.9752,referee,0.5808,which,0.5997,I,0.7188,was,0.7109,embarrassed,0.5598,this,0.847
TerenceMckenna-TrueHallucinations07-16_chunk_1_149913626545427_count_1_noise_10_noise_type_White,3b,18.07,20.94,to the referee single childless summers this,10,False,0.4735,0.8042,podcast_lecture,White,summers,this,"[{'transcript': 'to the referee sandwich I was embarrassed this ', 'timestamps': [['to', 0.25, 0.33], ['the', 0.33, 0.44], ['referee', 0.44, 1.0], ['sandwich', 1.0, 1.47], ['I', 1.47, 1.55], ['was', 1.55, 1.77], ['embarrassed', 1.77, 2.5], ['this', 2.91, 3.12]], 'word_confidence': [['to', 0.391], ['the', 0.976], ['referee', 0.711], ['sandwich', 0.064], ['I', 0.179], ['was', 0.489], ['embarrassed', 0.123], ['this', 0.507]], 'confidence': 0.36}]",to,0.5818,the,0.9976,referee,0.7943,I,0.4599,this,0.5568
TerenceMckenna-TrueHallucinations07-16_chunk_1_149913626545427_count_1_noise_20_noise_type_White,3b,18.07,20.94,to the referee single childless summers this,20,False,0.4735,0.8042,podcast_lecture,White,summers,this,"[{'transcript': 'to the referee sympathize with summer ', 'timestamps': [['to', 0.25, 0.33], ['the', 0.33, 0.43], ['referee', 0.43, 1.0], ['sympathize', 1.0, 1.58], ['with', 1.58, 1.71], ['summer', 1.71, 2.11]], 'word_confidence': [['to', 0.311], ['the', 0.933], ['referee', 0.811], ['sympathize', 0.107], ['with', 0.479], ['summer', 0.123]], 'confidence': 0.405}]",to,0.5509,the,0.9791,referee,0.9337,sympathize,0.4668,with,0.7246
TerenceMckenna-TrueHallucinations07-16_chunk_1_149913626545427_count_1_noise_15_noise_type_White,3b,18.07,20.94,to the referee single childless summers this,15,False,0.4735,0.8042,podcast_lecture,White,summers,this,"[{'transcript': 'to the referee sandwich I was embarrassed ', 'timestamps': [['to', 0.25, 0.33], ['the', 0.33, 0.44], ['referee', 0.44, 1.0], ['sandwich', 1.0, 1.47], ['I', 1.47, 1.56], ['was', 1.56, 1.77], ['embarrassed', 1.77, 2.49]], 'word_confidence': [['to', 0.362], ['the', 0.967], ['referee', 0.697], ['sandwich', 0.053], ['I', 0.149], ['was', 0.289], ['embarrassed', 0.074]], 'confidence': 0.302}]",to,0.5928,the,0.9959,referee,0.9114,with,0.4586
TerenceMckenna-TrueHallucinations07-16_chunk_1_149913626545427_count_1_noise_12_noise_type_White,3b,18.07,20.94,to the referee single childless summers this,12,False,0.4735,0.8042,podcast_lecture,White,summers,this,"[{'transcript': 'to the referee sandwich I was embarrassed ', 'timestamps': [['to', 0.25, 0.33], ['the', 0.33, 0.44], ['referee', 0.44, 1.0], ['sandwich', 1.0, 1.47], ['I', 1.47, 1.56], ['was', 1.56, 1.77], ['embarrassed', 1.77, 2.5]], 'word_confidence': [['to', 0.378], ['the', 0.976], ['referee', 0.702], ['sandwich', 0.069], ['I', 0.156], ['was', 0.461], ['embarrassed', 0.12]], 'confidence': 0.338}]",to,0.5563,the,0.9978,referee,0.8129
TerenceMckenna-TrueHallucinations07-16_chunk_1_149913626545427_count_1_noise_11_noise_type_White,3b,18.07,20.94,to the referee single childless summers this,11,False,0.4735,0.8042,podcast_lecture,White,summers,this,"[{'transcript': 'to the referee sandwich I was embarrassed this ', 'timestamps': [['to', 0.25, 0.33], ['the', 0.33, 0.44], ['referee', 0.44, 1.0], ['sandwich', 1.0, 1.47], ['I', 1.47, 1.56], ['was', 1.56, 1.77], ['embarrassed', 1.77, 2.5], ['this', 2.91, 3.12]], 'word_confidence': [['to', 0.385], ['the', 0.976], ['referee', 0.703], ['sandwich', 0.068], ['I', 0.153], ['was', 0.489], ['embarrassed', 0.139], ['this', 0.397]], 'confidence': 0.352}]",to,0.5693,the,0.9976,referee,0.7932,I,0.4595,embarrassed,0.443
TerenceMckenna-TrueHallucinations07-16_chunk_1_149913626545427_count_2_noise_-1_noise_type_White,3b,20.72,23.22,this was something I mansion conventionally,-1,False,0.3102,0.7993,podcast_lecture,White,mansion,conventionally,"[{'transcript': 'this was something but I imagine as conventional ', 'timestamps': [['this', 0.29, 0.47], ['was', 0.47, 0.61], ['something', 0.61, 1.11], ['but', 1.11, 1.25], ['I', 1.25, 1.38], ['imagine', 1.38, 1.85], ['as', 1.85, 2.01], ['conventional', 2.01, 2.7]], 'word_confidence': [['this', 1.0], ['was', 1.0], ['something', 0.998], ['but', 0.207], ['I', 0.542], ['imagine', 0.396], ['as', 0.279], ['conventional', 0.73]], 'confidence': 0.686}]",this,1.0,was,1.0,something,0.9938,but,0.519,I,0.8504,imagine,0.7831,conventional,0.645
TerenceMckenna-TrueHallucinations06-16_chunk_74_149913626545427_count_0_noise_-1_noise_type_White,3b,17.91,20.64,confused than ever by my math brother,-1,False,0.386,0.7589,podcast_lecture,White,math,brother,"[{'transcript': 'confused an effort by my math geek brother ', 'timestamps': [['confused', 0.32, 1.06], ['an', 1.06, 1.16], ['effort', 1.16, 1.55], ['by', 1.55, 1.7], ['my', 1.7, 2.03], ['math', 2.08, 2.38], ['geek', 2.38, 2.57], ['brother', 2.57, 2.98]], 'word_confidence': [['confused', 0.474], ['an', 0.085], ['effort', 0.788], ['by', 1.0], ['my', 0.91], ['math', 0.619], ['geek', 0.059], ['brother', 0.614]], 'confidence': 0.6}]",confused,0.8075,an,0.4727,effort,0.8572,by,0.9079,my,0.9603,math,0.8326
History_4A_Fall_2007_UC_Berkeley_Lecture_27_State_and_Society_in_the_High_Roman_Empire_20479_chunk_69_149913626545427_count_0_noise_-1_noise_type_White,3b,1.63,4.56,and actually put through the adoption primitive,-1,True,0.8838,0.4107,podcast_lecture,White,adoption,primitive,"[{'transcript': 'and actually put through the adoption imprimatur ', 'timestamps': [['and', 0.22, 0.39], ['actually', 0.39, 0.73], ['put', 1.33, 1.51], ['through', 1.51, 1.67], ['the', 1.67, 1.79], ['adoption', 1.79, 2.31], ['imprimatur', 2.31, 3.13]], 'word_confidence': [['and', 0.762], ['actually', 0.205], ['put', 0.245], ['through', 0.446], ['the', 0.811], ['adoption', 0.97], ['imprimatur', 0.204]], 'confidence': 0.469}]",and,0.979,I,0.6345,think,0.6344,put,0.5309,through,0.7612,the,0.8901,adoption,0.8286,imprimatur,0.7036
History_4A_Fall_2007_UC_Berkeley_Lecture_27_State_and_Society_in_the_High_Roman_Empire_20479_chunk_69_149913626545427_count_0_noise_0_noise_type_White,3b,1.63,4.56,and actually put through the adoption primitive,0,True,0.8838,0.4107,podcast_lecture,White,adoption,primitive,"[{'transcript': 'and I think put through the adoption her more ', 'timestamps': [['and', 0.23, 0.4], ['I', 0.4, 0.45], ['think', 0.45, 0.74], ['put', 1.34, 1.53], ['through', 1.53, 1.67], ['the', 1.67, 1.79], ['adoption', 1.79, 2.29], ['her', 2.61, 2.8], ['more', 2.8, 3.07]], 'word_confidence': [['and', 0.771], ['I', 1.0], ['think', 1.0], ['put', 0.248], ['through', 0.49], ['the', 0.579], ['adoption', 0.981], ['her', 0.223], ['more', 0.542]], 'confidence': 0.696}]",and,0.9913,I,0.9913,think,0.9913,put,0.7128,through,0.8243,the,0.8004,adoption,0.8198
History_4A_Fall_2007_UC_Berkeley_Lecture_27_State_and_Society_in_the_High_Roman_Empire_20479_chunk_69_149913626545427_count_0_noise_10_noise_type_White,3b,1.63,4.56,and actually put through the adoption primitive,10,True,0.8838,0.4107,podcast_lecture,White,adoption,primitive,"[{'transcript': 'and I think within the adoptive parent more ', 'timestamps': [['and', 0.24, 0.4], ['I', 0.4, 0.45], ['think', 0.45, 0.73], ['within', 1.35, 1.7], ['the', 1.7, 1.8], ['adoptive', 1.8, 2.3], ['parent', 2.61, 2.87], ['more', 2.87, 3.09]], 'word_confidence': [['and', 0.99], ['I', 0.729], ['think', 0.728], ['within', 0.05], ['the', 0.2], ['adoptive', 0.111], ['parent', 0.051], ['more', 0.33]], 'confidence': 0.301}]",and,0.9932,I,0.9519,think,0.9495,put,0.4468,adopting,0.4646,her,0.5009
History_4A_Fall_2007_UC_Berkeley_Lecture_27_State_and_Society_in_the_High_Roman_Empire_20479_chunk_69_149913626545427_count_0_noise_5_noise_type_White,3b,1.63,4.56,and actually put through the adoption primitive,5,True,0.8838,0.4107,podcast_lecture,White,adoption,primitive,"[{'transcript': ""and I think we're pretty adopting her more "", 'timestamps': [['and', 0.24, 0.4], ['I', 0.4, 0.45], ['think', 0.45, 0.74], [""we're"", 1.34, 1.46], ['pretty', 1.46, 1.8], ['adopting', 1.8, 2.3], ['her', 2.61, 2.8], ['more', 2.8, 3.09]], 'word_confidence': [['and', 1.0], ['I', 1.0], ['think', 1.0], [""we're"", 0.033], ['pretty', 0.177], ['adopting', 0.327], ['her', 0.354], ['more', 0.469]], 'confidence': 0.48}]",and,1.0,I,1.0,think,1.0,put,0.5706,through,0.4593,the,0.5215,adoption,0.4179
History_4A_Fall_2007_UC_Berkeley_Lecture_27_State_and_Society_in_the_High_Roman_Empire_20479_chunk_69_149913626545427_count_0_noise_2_noise_type_White,3b,1.63,4.56,and actually put through the adoption primitive,2,True,0.8838,0.4107,podcast_lecture,White,adoption,primitive,"[{'transcript': 'and I think put through the adoption her more ', 'timestamps': [['and', 0.24, 0.4], ['I', 0.4, 0.45], ['think', 0.45, 0.74], ['put', 1.34, 1.53], ['through', 1.53, 1.67], ['the', 1.67, 1.8], ['adoption', 1.8, 2.29], ['her', 2.61, 2.8], ['more', 2.8, 3.08]], 'word_confidence': [['and', 0.779], ['I', 1.0], ['think', 1.0], ['put', 0.222], ['through', 0.309], ['the', 0.397], ['adoption', 0.712], ['her', 0.311], ['more', 0.502]], 'confidence': 0.599}]",and,0.9928,I,0.9928,think,0.9928,put,0.6369,through,0.6422,the,0.6059,adoption,0.6062
History_4A_Fall_2007_UC_Berkeley_Lecture_27_State_and_Society_in_the_High_Roman_Empire_20479_chunk_69_149913626545427_count_0_noise_4_noise_type_White,3b,1.63,4.56,and actually put through the adoption primitive,4,True,0.8838,0.4107,podcast_lecture,White,adoption,primitive,"[{'transcript': ""and I think we're pretty adopting her more "", 'timestamps': [['and', 0.24, 0.4], ['I', 0.4, 0.45], ['think', 0.45, 0.74], [""we're"", 1.34, 1.46], ['pretty', 1.46, 1.8], ['adopting', 1.8, 2.3], ['her', 2.61, 2.8], ['more', 2.8, 3.09]], 'word_confidence': [['and', 0.881], ['I', 1.0], ['think', 1.0], [""we're"", 0.043], ['pretty', 0.227], ['adopting', 0.297], ['her', 0.304], ['more', 0.483]], 'confidence': 0.469}]",and,0.9962,I,0.9962,think,0.9962,put,0.5801,through,0.5592,the,0.5693,adoption,0.5624
History_4A_Fall_2007_UC_Berkeley_Lecture_27_State_and_Society_in_the_High_Roman_Empire_20479_chunk_69_149913626545427_count_1_noise_-1_noise_type_White,3b,18.64,20.91,frankly didn't prove himself extremely able,-1,True,0.8148,0.4701,podcast_lecture,White,extremely,able,"[{'transcript': 'prefer proved himself extremely able ', 'timestamps': [['prefer', 0.49, 0.8], ['proved', 0.8, 1.06], ['himself', 1.06, 1.45], ['extremely', 1.45, 1.96], ['able', 2.11, 2.51]], 'word_confidence': [['prefer', 0.079], ['proved', 0.33], ['himself', 0.68], ['extremely', 0.789], ['able', 0.342]], 'confidence': 0.489}]",prefer,0.4153,proved,0.4801,himself,0.7561,extremely,0.656,able,0.4497
History_4A_Fall_2007_UC_Berkeley_Lecture_27_State_and_Society_in_the_High_Roman_Empire_20479_chunk_69_149913626545427_count_1_noise_0_noise_type_White,3b,18.64,20.91,frankly didn't prove himself extremely able,0,True,0.8148,0.4701,podcast_lecture,White,extremely,able,"[{'transcript': ""favorite there isn't perfect thing able "", 'timestamps': [['favorite', 0.48, 0.88], ['there', 0.88, 0.98], [""isn't"", 0.98, 1.24], ['perfect', 1.24, 1.57], ['thing', 1.66, 2.0], ['able', 2.11, 2.49]], 'word_confidence': [['favorite', 0.03], ['there', 0.022], [""isn't"", 0.161], ['perfect', 0.341], ['thing', 0.118], ['able', 0.454]], 'confidence': 0.211}]",favor,0.4728,for,0.5671
OpenDoors_chunk_7_149913626545427_count_0_noise_-1_noise_type_White,3b,20.03,22.22,of accumulated folk medical,-1,False,0.3675,0.7991,podcast_lecture,White,folk,medical,"[{'transcript': 'of accumulated all command because ', 'timestamps': [['of', 0.27, 0.41], ['accumulated', 0.41, 1.28], ['all', 1.43, 1.65], ['command', 1.65, 2.09], ['because', 2.09, 2.42]], 'word_confidence': [['of', 0.449], ['accumulated', 1.0], ['all', 0.079], ['command', 0.382], ['because', 0.212]], 'confidence': 0.594}]",of,0.6398,accumulated,1.0,command,0.4563,the,0.5579
FinneginsWake_chunk_10_149913626545427_count_0_noise_-1_noise_type_White,3b,1.37,4.51,%HESITATION I suppose I should Beth,-1,True,0.9154,0.226,podcast_lecture,White,should,Beth,"[{'transcript': '%HESITATION I suppose I should ', 'timestamps': [['%HESITATION', 0.28, 0.65], ['I', 1.12, 1.24], ['suppose', 1.24, 1.55], ['I', 1.55, 1.66], ['should', 1.66, 1.99]], 'word_confidence': [['%HESITATION', 0.861], ['I', 0.814], ['suppose', 0.755], ['I', 0.805], ['should', 0.941]], 'confidence': 0.846}, {'transcript': 'there ', 'timestamps': [['there', 3.12, 3.38]], 'word_confidence': [['there', 0.201]], 'confidence': 0.201}]",%HESITATION,0.9531,I,0.9848,suppose,0.979,I,0.9872,should,0.9567,yeah,0.294
FinneginsWake_chunk_10_149913626545427_count_0_noise_0_noise_type_White,3b,1.37,4.51,%HESITATION I suppose I should Beth,0,True,0.9154,0.226,podcast_lecture,White,should,Beth,"[{'transcript': '%HESITATION I suppose I should ', 'timestamps': [['%HESITATION', 0.28, 0.65], ['I', 1.08, 1.23], ['suppose', 1.23, 1.56], ['I', 1.56, 1.66], ['should', 1.66, 1.97]], 'word_confidence': [['%HESITATION', 0.901], ['I', 1.0], ['suppose', 0.997], ['I', 0.944], ['should', 0.989]], 'confidence': 0.963}, {'transcript': 'there ', 'timestamps': [['there', 3.13, 3.38]], 'word_confidence': [['there', 0.241]], 'confidence': 0.241}]",%HESITATION,0.9928,I,0.9964,suppose,0.9956,I,0.9956,should,0.9919,yeah,0.4986
FinneginsWake_chunk_10_149913626545427_count_0_noise_10_noise_type_White,3b,1.37,4.51,%HESITATION I suppose I should Beth,10,True,0.9154,0.226,podcast_lecture,White,should,Beth,"[{'transcript': '%HESITATION I suppose I should ', 'timestamps': [['%HESITATION', 0.28, 0.64], ['I', 1.1, 1.23], ['suppose', 1.23, 1.56], ['I', 1.56, 1.66], ['should', 1.66, 2.01]], 'word_confidence': [['%HESITATION', 0.469], ['I', 1.0], ['suppose', 0.999], ['I', 0.959], ['should', 0.866]], 'confidence': 0.809}, {'transcript': 'yeah ', 'timestamps': [['yeah', 3.13, 3.37]], 'word_confidence': [['yeah', 0.376]], 'confidence': 0.376}]",%HESITATION,0.8699,I,0.9761,suppose,0.9911,I,0.9963,should,0.9886,yeah,0.6142
FinneginsWake_chunk_10_149913626545427_count_0_noise_20_noise_type_White,3b,1.37,4.51,%HESITATION I suppose I should Beth,20,True,0.9154,0.226,podcast_lecture,White,should,Beth,"[{'transcript': '%HESITATION I suppose I should ', 'timestamps': [['%HESITATION', 0.3, 0.63], ['I', 1.1, 1.23], ['suppose', 1.23, 1.56], ['I', 1.56, 1.66], ['should', 1.66, 2.01]], 'word_confidence': [['%HESITATION', 0.606], ['I', 0.758], ['suppose', 0.688], ['I', 0.796], ['should', 0.587]], 'confidence': 0.654}, {'transcript': 'yeah ', 'timestamps': [['yeah', 3.13, 3.37]], 'word_confidence': [['yeah', 0.524]], 'confidence': 0.524}]",%HESITATION,0.6736,I,0.9387,suppose,0.9384,I,0.9384,should,0.9176,yeah,0.8304
FinneginsWake_chunk_10_149913626545427_count_0_noise_25_noise_type_White,3b,1.37,4.51,%HESITATION I suppose I should Beth,25,True,0.9154,0.226,podcast_lecture,White,should,Beth,"[{'transcript': '%HESITATION Afrocentric ', 'timestamps': [['%HESITATION', 0.32, 0.63], ['Afrocentric', 1.1, 2.04]], 'word_confidence': [['%HESITATION', 0.619], ['Afrocentric', 0.061]], 'confidence': 0.199}, {'transcript': 'yeah ', 'timestamps': [['yeah', 3.13, 3.37]], 'word_confidence': [['yeah', 0.617]], 'confidence': 0.617}]",%HESITATION,0.9701,Afrocentric,0.6993,yeah,0.9292
FinneginsWake_chunk_10_149913626545427_count_0_noise_22_noise_type_White,3b,1.37,4.51,%HESITATION I suppose I should Beth,22,True,0.9154,0.226,podcast_lecture,White,should,Beth,"[{'transcript': '%HESITATION Afrocentric ', 'timestamps': [['%HESITATION', 0.3, 0.63], ['Afrocentric', 1.1, 2.06]], 'word_confidence': [['%HESITATION', 0.792], ['Afrocentric', 0.084]], 'confidence': 0.265}, {'transcript': 'yeah ', 'timestamps': [['yeah', 3.13, 3.37]], 'word_confidence': [['yeah', 0.56]], 'confidence': 0.56}]",%HESITATION,0.6963,I,0.7562,suppose,0.7562,I,0.7562,should,0.7513,yeah,0.8822
FinneginsWake_chunk_10_149913626545427_count_0_noise_24_noise_type_White,3b,1.37,4.51,%HESITATION I suppose I should Beth,24,True,0.9154,0.226,podcast_lecture,White,should,Beth,"[{'transcript': '%HESITATION Afrocentric ', 'timestamps': [['%HESITATION', 0.3, 0.63], ['Afrocentric', 1.1, 2.04]], 'word_confidence': [['%HESITATION', 0.792], ['Afrocentric', 0.052]], 'confidence': 0.244}, {'transcript': 'yeah ', 'timestamps': [['yeah', 3.13, 3.37]], 'word_confidence': [['yeah', 0.608]], 'confidence': 0.608}]",%HESITATION,0.9858,Afrocentric,0.7828,yeah,0.9165
FinneginsWake_chunk_10_149913626545427_count_0_noise_23_noise_type_White,3b,1.37,4.51,%HESITATION I suppose I should Beth,23,True,0.9154,0.226,podcast_lecture,White,should,Beth,"[{'transcript': '%HESITATION Afrocentric ', 'timestamps': [['%HESITATION', 0.3, 0.63], ['Afrocentric', 1.1, 2.04]], 'word_confidence': [['%HESITATION', 0.798], ['Afrocentric', 0.088]], 'confidence': 0.273}, {'transcript': 'yeah ', 'timestamps': [['yeah', 3.13, 3.37]], 'word_confidence': [['yeah', 0.59]], 'confidence': 0.59}]",%HESITATION,0.7149,I,0.6099,suppose,0.6099,I,0.6099,should,0.6057,yeah,0.9019
ErosAndTheEschaton_chunk_51_149913626545427_count_0_noise_-1_noise_type_White,3b,0.45,3.92,this is why I'm not Chile static,-1,False,0.3321,0.86,podcast_lecture,White,Chile,static,"[{'transcript': ""this is why I'm not particularly sympathetic "", 'timestamps': [['this', 0.23, 0.47], ['is', 0.47, 0.61], ['why', 0.61, 0.97], [""I'm"", 0.97, 1.26], ['not', 1.26, 1.59], ['particularly', 1.77, 2.8], ['sympathetic', 2.8, 3.69]], 'word_confidence': [['this', 0.74], ['is', 0.74], ['why', 0.978], [""I'm"", 0.322], ['not', 0.996], ['particularly', 1.0], ['sympathetic', 0.997]], 'confidence': 0.906}]",this,0.9606,is,0.9606,why,0.9999,I'm,0.577,not,0.995,particularly,0.9815,sympathetic,0.9857
History_4A_Fall_2007_UC_Berkeley_Lecture_06_Small_States_and_Big_Empires_The_Ancient_Near_East_c._1600-610_BC_20458_chunk_68_149913626545427_count_0_noise_-1_noise_type_White,3b,15.46,17.85,right pace of the conquest slow,-1,True,0.9451,0.3887,podcast_lecture,White,conquest,slow,"[{'transcript': 'pace of the conquest ', 'timestamps': [['pace', 1.54, 1.82], ['of', 1.82, 1.89], ['the', 1.89, 1.95], ['conquest', 1.95, 2.53]], 'word_confidence': [['pace', 0.632], ['of', 0.888], ['the', 1.0], ['conquest', 0.758]], 'confidence': 0.746}]",pace,0.9855,of,0.9855,the,0.9855,conquest,0.9058
History_4A_Fall_2007_UC_Berkeley_Lecture_06_Small_States_and_Big_Empires_The_Ancient_Near_East_c._1600-610_BC_20458_chunk_68_149913626545427_count_0_noise_0_noise_type_White,3b,15.46,17.85,right pace of the conquest slow,0,True,0.9451,0.3887,podcast_lecture,White,conquest,slow,"[{'transcript': 'the pace of the conquest ', 'timestamps': [['the', 0.44, 0.57], ['pace', 1.54, 1.81], ['of', 1.81, 1.89], ['the', 1.89, 1.95], ['conquest', 1.95, 2.53]], 'word_confidence': [['the', 0.128], ['pace', 1.0], ['of', 1.0], ['the', 0.944], ['conquest', 0.68]], 'confidence': 0.73}]",the,0.6058,pace,0.9309,of,0.942,the,0.9979,conquest,0.9157
History_4A_Fall_2007_UC_Berkeley_Lecture_06_Small_States_and_Big_Empires_The_Ancient_Near_East_c._1600-610_BC_20458_chunk_68_149913626545427_count_0_noise_10_noise_type_White,3b,15.46,17.85,right pace of the conquest slow,10,True,0.9451,0.3887,podcast_lecture,White,conquest,slow,"[{'transcript': 'the pace of the conquest ', 'timestamps': [['the', 0.44, 0.56], ['pace', 1.52, 1.81], ['of', 1.81, 1.89], ['the', 1.89, 1.95], ['conquest', 1.95, 2.5]], 'word_confidence': [['the', 0.164], ['pace', 1.0], ['of', 1.0], ['the', 0.934], ['conquest', 0.685]], 'confidence': 0.748}]",the,0.8094,pace,0.9532,of,0.9602,the,0.9974,conquest,0.883
History_4A_Fall_2007_UC_Berkeley_Lecture_06_Small_States_and_Big_Empires_The_Ancient_Near_East_c._1600-610_BC_20458_chunk_68_149913626545427_count_0_noise_15_noise_type_White,3b,15.46,17.85,right pace of the conquest slow,15,True,0.9451,0.3887,podcast_lecture,White,conquest,slow,"[{'transcript': 'the pace of the conquest ', 'timestamps': [['the', 0.43, 0.56], ['pace', 1.52, 1.81], ['of', 1.81, 1.89], ['the', 1.89, 1.95], ['conquest', 1.95, 2.5]], 'word_confidence': [['the', 0.121], ['pace', 0.897], ['of', 0.86], ['the', 0.984], ['conquest', 0.64]], 'confidence': 0.681}]",the,0.7795,pace,0.9383,of,0.9711,the,0.9927,conquest,0.8134
History_4A_Fall_2007_UC_Berkeley_Lecture_06_Small_States_and_Big_Empires_The_Ancient_Near_East_c._1600-610_BC_20458_chunk_68_149913626545427_count_0_noise_16_noise_type_White,3b,15.46,17.85,right pace of the conquest slow,16,True,0.9451,0.3887,podcast_lecture,White,conquest,slow,"[{'transcript': 'the pace of the conquest ', 'timestamps': [['the', 0.43, 0.56], ['pace', 1.52, 1.81], ['of', 1.81, 1.89], ['the', 1.89, 1.95], ['conquest', 1.95, 2.49]], 'word_confidence': [['the', 0.097], ['pace', 0.757], ['of', 0.603], ['the', 0.997], ['conquest', 0.571]], 'confidence': 0.589}]",the,0.7623,pace,0.9182,of,0.9546,the,0.9756,conquest,0.793
History_4A_Fall_2007_UC_Berkeley_Lecture_29_The_Roman_State_and_the_Christian_Church_20481_chunk_56_149913626545427_count_0_noise_-1_noise_type_White,3b,10.02,12.77,is writing but he's explaining right ISIS,-1,True,0.9835,0.4409,podcast_lecture,White,right,ISIS,"[{'transcript': ""does writing but he's explaining right ice is "", 'timestamps': [['does', 0.19, 0.37], ['writing', 0.37, 0.9], ['but', 1.12, 1.29], [""he's"", 1.29, 1.52], ['explaining', 1.52, 2.13], ['right', 2.13, 2.45], ['ice', 2.48, 2.79], ['is', 2.79, 3.02]], 'word_confidence': [['does', 0.196], ['writing', 0.912], ['but', 0.797], [""he's"", 0.588], ['explaining', 1.0], ['right', 0.954], ['ice', 0.233], ['is', 0.226]], 'confidence': 0.709}]",does,0.508,writing,0.9429,but,0.9283,he's,0.8547,explaining,0.9581,right,0.9819,ice,0.2851
History_4A_Fall_2007_UC_Berkeley_Lecture_29_The_Roman_State_and_the_Christian_Church_20481_chunk_56_149913626545427_count_0_noise_0_noise_type_White,3b,10.02,12.77,is writing but he's explaining right ISIS,0,True,0.9835,0.4409,podcast_lecture,White,right,ISIS,"[{'transcript': ""does writing but he's explaining right isis "", 'timestamps': [['does', 0.2, 0.37], ['writing', 0.37, 0.89], ['but', 1.15, 1.29], [""he's"", 1.29, 1.52], ['explaining', 1.52, 2.13], ['right', 2.13, 2.45], ['isis', 2.48, 2.99]], 'word_confidence': [['does', 0.202], ['writing', 0.901], ['but', 0.715], [""he's"", 0.545], ['explaining', 1.0], ['right', 0.955], ['isis', 0.487]], 'confidence': 0.757}]",does,0.5041,writing,0.9588,but,0.9274,he's,0.8404,explaining,0.9555,right,0.9773,isis,0.4218
History_4A_Fall_2007_UC_Berkeley_Lecture_29_The_Roman_State_and_the_Christian_Church_20481_chunk_56_149913626545427_count_0_noise_10_noise_type_White,3b,10.02,12.77,is writing but he's explaining right ISIS,10,True,0.9835,0.4409,podcast_lecture,White,right,ISIS,"[{'transcript': ""does writing but he's explaining right isis "", 'timestamps': [['does', 0.2, 0.37], ['writing', 0.37, 0.88], ['but', 1.12, 1.29], [""he's"", 1.29, 1.52], ['explaining', 1.52, 2.14], ['right', 2.14, 2.45], ['isis', 2.48, 2.99]], 'word_confidence': [['does', 0.185], ['writing', 0.859], ['but', 0.742], [""he's"", 0.526], ['explaining', 1.0], ['right', 0.962], ['isis', 0.525]], 'confidence': 0.755}]",does,0.4364,writing,0.9191,but,0.9505,he's,0.826,explaining,0.9588,right,0.9665,isis,0.3867
History_4A_Fall_2007_UC_Berkeley_Lecture_29_The_Roman_State_and_the_Christian_Church_20481_chunk_56_149913626545427_count_0_noise_20_noise_type_White,3b,10.02,12.77,is writing but he's explaining right ISIS,20,True,0.9835,0.4409,podcast_lecture,White,right,ISIS,"[{'transcript': ""just writing but he's explaining right ice's "", 'timestamps': [['just', 0.23, 0.42], ['writing', 0.42, 0.86], ['but', 1.13, 1.3], [""he's"", 1.3, 1.52], ['explaining', 1.52, 2.16], ['right', 2.16, 2.45], [""ice's"", 2.48, 2.97]], 'word_confidence': [['just', 0.207], ['writing', 0.828], ['but', 0.728], [""he's"", 0.487], ['explaining', 1.0], ['right', 1.0], [""ice's"", 0.346]], 'confidence': 0.711}]",just,0.4522,writing,0.8453,but,0.897,he's,0.8048,explaining,0.9637,right,0.9798,isis,0.3644
History_4A_Fall_2007_UC_Berkeley_Lecture_29_The_Roman_State_and_the_Christian_Church_20481_chunk_56_149913626545427_count_0_noise_21_noise_type_White,3b,10.02,12.77,is writing but he's explaining right ISIS,21,True,0.9835,0.4409,podcast_lecture,White,right,ISIS,"[{'transcript': ""just writing but he's explaining right ice's "", 'timestamps': [['just', 0.24, 0.42], ['writing', 0.42, 0.86], ['but', 1.13, 1.3], [""he's"", 1.3, 1.52], ['explaining', 1.52, 2.16], ['right', 2.16, 2.45], [""ice's"", 2.48, 2.97]], 'word_confidence': [['just', 0.185], ['writing', 0.854], ['but', 0.767], [""he's"", 0.497], ['explaining', 1.0], ['right', 1.0], [""ice's"", 0.358]], 'confidence': 0.722}]",just,0.33,writing,0.7451,but,0.8305,he's,0.8247,explaining,0.9811,right,0.982,isis,0.3442
TerenceMckenna-TrueHallucinations03-16_chunk_86_149913626545427_count_0_noise_-1_noise_type_White,3b,2.71,5.68,and it is beautiful the mist drifting,-1,False,0.4682,0.8834,podcast_lecture,White,mist,drifting,"[{'transcript': 'and it is beautiful the mist drifted ', 'timestamps': [['and', 0.27, 0.41], ['it', 0.41, 0.52], ['is', 0.52, 0.68], ['beautiful', 0.68, 1.54], ['the', 2.01, 2.13], ['mist', 2.13, 2.7], ['drifted', 2.73, 3.18]], 'word_confidence': [['and', 0.964], ['it', 1.0], ['is', 0.999], ['beautiful', 1.0], ['the', 0.844], ['mist', 0.245], ['drifted', 0.291]], 'confidence': 0.679}]",and,1.0,it,1.0,is,1.0,beautiful,0.9999,the,0.9832,mess,0.5042,drifting,0.479
Mcluhan-Mckenna_1_chunk_27_149913626545427_count_0_noise_-1_noise_type_White,3b,4.53,7.26,chew is presented in modern Dublin,-1,True,0.9476,0.4357,podcast_lecture,White,modern,Dublin,"[{'transcript': 'Chu is presented bin laden down ', 'timestamps': [['Chu', 0.28, 0.84], ['is', 1.09, 1.29], ['presented', 1.29, 1.95], ['bin', 1.95, 2.16], ['laden', 2.16, 2.66], ['down', 2.66, 2.93]], 'word_confidence': [['Chu', 0.167], ['is', 0.755], ['presented', 1.0], ['bin', 0.386], ['laden', 0.313], ['down', 0.136]], 'confidence': 0.491}]",is,0.7935,presented,0.8349,bin,0.7641,laden,0.7691,down,0.5415
TerenceMckenna-TrueHallucinations10-16_chunk_1_149913626545427_count_0_noise_-1_noise_type_White,3b,5.49,8.81,knew that the enzyme all process insect,-1,False,0.4026,0.7028,podcast_lecture,White,process,insect,"[{'transcript': 'New Zealand signed all processing insect ', 'timestamps': [['New', 0.33, 0.95], ['Zealand', 1.16, 1.52], ['signed', 1.52, 1.96], ['all', 1.99, 2.15], ['processing', 2.15, 3.06], ['insect', 3.06, 3.55]], 'word_confidence': [['New', 0.989], ['Zealand', 0.02], ['signed', 0.622], ['all', 0.291], ['processing', 0.342], ['insect', 0.659]], 'confidence': 0.528}]",New,0.4547,Zealand,0.4475,signed,0.7281,insect,0.6958
TerenceMckenna-TrueHallucinations10-16_chunk_1_149913626545427_count_0_noise_0_noise_type_White,3b,5.49,8.81,knew that the enzyme all process insect,0,False,0.4026,0.7028,podcast_lecture,White,process,insect,"[{'transcript': 'New Zealand signed all processing insect ', 'timestamps': [['New', 0.33, 0.95], ['Zealand', 1.16, 1.52], ['signed', 1.52, 1.96], ['all', 1.99, 2.15], ['processing', 2.15, 3.06], ['insect', 3.06, 3.55]], 'word_confidence': [['New', 0.965], ['Zealand', 0.016], ['signed', 0.48], ['all', 0.269], ['processing', 0.48], ['insect', 0.605]], 'confidence': 0.534}]",new,0.384,Zealand,0.3257,signed,0.5432,processing,0.4721,insect,0.6932
TerenceMckenna-TrueHallucinations10-16_chunk_1_149913626545427_count_0_noise_10_noise_type_White,3b,5.49,8.81,knew that the enzyme all process insect,10,False,0.4026,0.7028,podcast_lecture,White,process,insect,"[{'transcript': 'new Bethlehem signed all processing insect ', 'timestamps': [['new', 0.41, 0.94], ['Bethlehem', 0.97, 1.48], ['signed', 1.48, 1.96], ['all', 1.99, 2.16], ['processing', 2.16, 3.06], ['insect', 3.06, 3.53]], 'word_confidence': [['new', 0.685], ['Bethlehem', 0.214], ['signed', 0.569], ['all', 0.257], ['processing', 0.863], ['insect', 0.497]], 'confidence': 0.588}]",new,0.8977,Bethlehem,0.8521,signed,0.4072,processing,0.6243
TerenceMckenna-TrueHallucinations10-16_chunk_1_149913626545427_count_0_noise_5_noise_type_White,3b,5.49,8.81,knew that the enzyme all process insect,5,False,0.4026,0.7028,podcast_lecture,White,process,insect,"[{'transcript': 'New Zealand signed all processing insect ', 'timestamps': [['New', 0.33, 0.95], ['Zealand', 1.16, 1.52], ['signed', 1.52, 1.96], ['all', 1.99, 2.16], ['processing', 2.16, 3.06], ['insect', 3.06, 3.54]], 'word_confidence': [['New', 0.875], ['Zealand', 0.014], ['signed', 0.415], ['all', 0.106], ['processing', 0.48], ['insect', 0.645]], 'confidence': 0.502}]",new,0.4184,that,0.3699,signed,0.3966,insect,0.6096
TerenceMckenna-TrueHallucinations10-16_chunk_1_149913626545427_count_0_noise_7_noise_type_White,3b,5.49,8.81,knew that the enzyme all process insect,7,False,0.4026,0.7028,podcast_lecture,White,process,insect,"[{'transcript': 'new Bethlehem signed all processing insect ', 'timestamps': [['new', 0.33, 0.94], ['Bethlehem', 0.97, 1.48], ['signed', 1.48, 1.96], ['all', 1.99, 2.16], ['processing', 2.16, 3.06], ['insect', 3.06, 3.54]], 'word_confidence': [['new', 0.815], ['Bethlehem', 0.11], ['signed', 0.394], ['all', 0.171], ['processing', 0.707], ['insect', 0.633]], 'confidence': 0.543}]",new,0.6533,Bethlehem,0.5558,signed,0.4564,processing,0.6254,insect,0.6331
TerenceMckenna-TrueHallucinations10-16_chunk_1_149913626545427_count_0_noise_9_noise_type_White,3b,5.49,8.81,knew that the enzyme all process insect,9,False,0.4026,0.7028,podcast_lecture,White,process,insect,"[{'transcript': 'new Bethlehem signed all processing insect ', 'timestamps': [['new', 0.33, 0.94], ['Bethlehem', 0.97, 1.48], ['signed', 1.48, 1.96], ['all', 1.99, 2.16], ['processing', 2.16, 3.06], ['insect', 3.06, 3.54]], 'word_confidence': [['new', 0.726], ['Bethlehem', 0.129], ['signed', 0.639], ['all', 0.215], ['processing', 0.765], ['insect', 0.639]], 'confidence': 0.587}]",new,0.7962,Bethlehem,0.7347,signed,0.4411,processing,0.6421,insect,0.5696
TerenceMckenna-TrueHallucinations10-16_chunk_1_149913626545427_count_1_noise_-1_noise_type_White,3b,14.44,17.51,resignation induced by the harmonics drum,-1,True,0.7536,0.3416,podcast_lecture,White,harmonics,drum,"[{'transcript': 'the resonance and induced by the harmonics drum ', 'timestamps': [['the', 0.22, 0.28], ['resonance', 0.28, 1.07], ['and', 1.07, 1.25], ['induced', 1.25, 1.87], ['by', 1.87, 2.0], ['the', 2.0, 2.11], ['harmonics', 2.11, 2.88], ['drum', 2.88, 3.26]], 'word_confidence': [['the', 0.303], ['resonance', 0.362], ['and', 0.354], ['induced', 0.242], ['by', 1.0], ['the', 1.0], ['harmonics', 0.727], ['drum', 0.135]], 'confidence': 0.45}]",the,0.63,resonance,0.5616,induced,0.5504,by,0.9492,the,0.9868,harmonics,0.7793,drum,0.4004
TerenceMckenna-TrueHallucinations10-16_chunk_1_149913626545427_count_1_noise_0_noise_type_White,3b,14.44,17.51,resignation induced by the harmonics drum,0,True,0.7536,0.3416,podcast_lecture,White,harmonics,drum,"[{'transcript': 'the resonance and induced by the harmonics come ', 'timestamps': [['the', 0.22, 0.28], ['resonance', 0.28, 1.07], ['and', 1.07, 1.25], ['induced', 1.25, 1.87], ['by', 1.87, 2.0], ['the', 2.0, 2.11], ['harmonics', 2.11, 2.88], ['come', 2.91, 3.27]], 'word_confidence': [['the', 0.312], ['resonance', 0.289], ['and', 0.272], ['induced', 0.166], ['by', 0.991], ['the', 1.0], ['harmonics', 0.694], ['come', 0.12]], 'confidence': 0.403}]",the,0.5275,resonance,0.4564,induced,0.5921,by,0.8589,the,0.9635,harmonics,0.7988,drum,0.3098
TerenceMckenna-TrueHallucinations10-16_chunk_1_149913626545427_count_1_noise_10_noise_type_White,3b,14.44,17.51,resignation induced by the harmonics drum,10,True,0.7536,0.3416,podcast_lecture,White,harmonics,drum,"[{'transcript': 'resume Sidney and boost by the harmonics come ', 'timestamps': [['resume', 0.23, 0.85], ['Sidney', 0.85, 1.27], ['and', 1.27, 1.45], ['boost', 1.45, 1.87], ['by', 1.87, 2.0], ['the', 2.0, 2.11], ['harmonics', 2.11, 2.86], ['come', 2.86, 3.25]], 'word_confidence': [['resume', 0.449], ['Sidney', 0.409], ['and', 0.33], ['boost', 0.878], ['by', 0.853], ['the', 1.0], ['harmonics', 0.778], ['come', 0.258]], 'confidence': 0.591}]",resume,0.9738,Sidney,0.9725,and,0.9443,boost,0.8588,by,0.9539,the,0.9539,harmonics,0.7761,come,0.55
TerenceMckenna-TrueHallucinations10-16_chunk_1_149913626545427_count_1_noise_20_noise_type_White,3b,14.44,17.51,resignation induced by the harmonics drum,20,True,0.7536,0.3416,podcast_lecture,White,harmonics,drum,"[{'transcript': 'resume Sidney and boost by the harmonics come ', 'timestamps': [['resume', 0.3, 0.84], ['Sidney', 0.84, 1.27], ['and', 1.27, 1.45], ['boost', 1.45, 1.87], ['by', 1.87, 2.0], ['the', 2.0, 2.11], ['harmonics', 2.11, 2.86], ['come', 2.86, 3.25]], 'word_confidence': [['resume', 0.404], ['Sidney', 0.145], ['and', 0.11], ['boost', 0.568], ['by', 0.967], ['the', 1.0], ['harmonics', 0.644], ['come', 0.372]], 'confidence': 0.475}]",resume,0.6102,Sidney,0.5346,boost,0.6596,by,0.9091,the,0.9318,harmonics,0.6129,come,0.5547
TerenceMckenna-TrueHallucinations10-16_chunk_1_149913626545427_count_1_noise_25_noise_type_White,3b,14.44,17.51,resignation induced by the harmonics drum,25,True,0.7536,0.3416,podcast_lecture,White,harmonics,drum,"[{'transcript': 'resume Sidney boost by the harmonics come ', 'timestamps': [['resume', 0.3, 0.84], ['Sidney', 0.84, 1.42], ['boost', 1.42, 1.87], ['by', 1.87, 2.0], ['the', 2.0, 2.11], ['harmonics', 2.11, 2.86], ['come', 2.86, 3.25]], 'word_confidence': [['resume', 0.324], ['Sidney', 0.083], ['boost', 0.504], ['by', 0.954], ['the', 1.0], ['harmonics', 0.636], ['come', 0.292]], 'confidence': 0.432}]",resume,0.472,Sidney,0.4016,boost,0.5979,by,0.8253,the,0.9497,harmonics,0.5221,scum,0.4533
TerenceMckenna-TrueHallucinations10-16_chunk_1_149913626545427_count_1_noise_27_noise_type_White,3b,14.44,17.51,resignation induced by the harmonics drum,27,True,0.7536,0.3416,podcast_lecture,White,harmonics,drum,"[{'transcript': 'resume Sidney boost by the harmonics come ', 'timestamps': [['resume', 0.3, 0.84], ['Sidney', 0.84, 1.42], ['boost', 1.42, 1.87], ['by', 1.87, 2.0], ['the', 2.0, 2.11], ['harmonics', 2.11, 2.86], ['come', 2.86, 3.25]], 'word_confidence': [['resume', 0.385], ['Sidney', 0.046], ['boost', 0.28], ['by', 0.955], ['the', 1.0], ['harmonics', 0.655], ['come', 0.164]], 'confidence': 0.39}]",resume,0.4581,<eps>,0.7098,improved,0.658,by,0.7892,the,0.9054,harmonics,0.5305,scum,0.4084
