History_4A_Fall_2007_UC_Berkeley_Lecture_24_Monarchy_at_Rome_The_Age_of_Augustus_20476_chunk_35_1498940599573562_count_0_noise_-1_noise_type_White,2,21.81,22.32,first having,-1,False,0.4548,0.942,podcast_lecture,White,first,having,"[{'word_confidence': [['having', 0.439]], 'confidence': 0.439, 'transcript': 'having ', 'timestamps': [['having', 0.45, 0.73]]}]",having,0.5579
History_4A_Fall_2007_UC_Berkeley_Lecture_24_Monarchy_at_Rome_The_Age_of_Augustus_20476_chunk_35_1498940599573562_count_0_noise_0_noise_type_White,2,21.81,22.32,first having,0,False,0.4548,0.942,podcast_lecture,White,first,having,"[{'word_confidence': [['does', 0.192], ['have', 0.61], ['a', 0.327]], 'confidence': 0.422, 'transcript': 'does have a ', 'timestamps': [['does', 0.28, 0.43], ['have', 0.43, 0.65], ['a', 0.65, 0.72]]}]",does,0.3964,have,0.6494,a,0.556
TerenceMckenna-TrueHallucinations13-16_chunk_63_1498940599573562_count_0_noise_-1_noise_type_White,2,5.01,5.75,struck Barry,-1,True,0.994,0.4916,podcast_lecture,White,struck,Barry,"[{'word_confidence': [['strawberry', 0.024]], 'confidence': 0.024, 'transcript': 'strawberry ', 'timestamps': [['strawberry', 0.24, 0.95]]}]",struck,0.3526
History_4A_Fall_2007_UC_Berkeley_Lecture_31_Twilight_in_the_West_20483_chunk_24_1498940599573562_count_0_noise_-1_noise_type_White,2,3.52,4.18,eighty candy,-1,False,0.4796,0.8003,podcast_lecture,White,eighty,candy,"[{'word_confidence': [['eighty', 0.583], ['eight', 0.73], ['candid', 0.133]], 'confidence': 0.408, 'transcript': 'eighty eight candid ', 'timestamps': [['eighty', 0.22, 0.43], ['eight', 0.43, 0.59], ['candid', 0.59, 0.91]]}]",eighty,0.8883,eight,0.8991,candid,0.5273
TerenceMckenna-TrueHallucinations15-16_chunk_27_1498940599573562_count_0_noise_-1_noise_type_White,2,3.32,4.35,attacks people,-1,False,0.391,0.9927,podcast_lecture,White,attacks,people,"[{'word_confidence': [['yes', 0.24], ['people', 0.216]], 'confidence': 0.229, 'transcript': 'yes people ', 'timestamps': [['yes', 0.39, 0.74], ['people', 0.95, 1.27]]}]",yes,0.5272,people,0.7288
TerenceMckenna-TrueHallucinations15-16_chunk_27_1498940599573562_count_0_noise_0_noise_type_White,2,3.32,4.35,attacks people,0,False,0.391,0.9927,podcast_lecture,White,attacks,people,"[{'word_confidence': [['people', 0.256]], 'confidence': 0.256, 'transcript': 'people ', 'timestamps': [['people', 0.95, 1.27]]}]",yes,0.4711,people,0.66
TerenceMckenna-TrueHallucinations15-16_chunk_27_1498940599573562_count_0_noise_10_noise_type_White,2,3.32,4.35,attacks people,10,False,0.391,0.9927,podcast_lecture,White,attacks,people,"[{'word_confidence': [['NPO', 0.263]], 'confidence': 0.263, 'transcript': 'NPO ', 'timestamps': [['NPO', 0.16, 1.25]]}]",NPO,0.6718
TerenceMckenna-TrueHallucinations15-16_chunk_27_1498940599573562_count_0_noise_5_noise_type_White,2,3.32,4.35,attacks people,5,False,0.391,0.9927,podcast_lecture,White,attacks,people,"[{'word_confidence': [['NPO', 0.142]], 'confidence': 0.142, 'transcript': 'NPO ', 'timestamps': [['NPO', 0.16, 1.25]]}]",NPO,0.4775
TerenceMckenna-TrueHallucinations15-16_chunk_27_1498940599573562_count_0_noise_2_noise_type_White,2,3.32,4.35,attacks people,2,False,0.391,0.9927,podcast_lecture,White,attacks,people,"[{'word_confidence': [['people', 0.26]], 'confidence': 0.26, 'transcript': 'people ', 'timestamps': [['people', 0.98, 1.27]]}]",yes,0.4596,people,0.6359
TerenceMckenna-TrueHallucinations15-16_chunk_27_1498940599573562_count_0_noise_4_noise_type_White,2,3.32,4.35,attacks people,4,False,0.391,0.9927,podcast_lecture,White,attacks,people,"[{'word_confidence': [['NPO', 0.133]], 'confidence': 0.133, 'transcript': 'NPO ', 'timestamps': [['NPO', 0.16, 1.25]]}]",NPO,0.4472
TerenceMckenna-TrueHallucinations15-16_chunk_27_1498940599573562_count_0_noise_3_noise_type_White,2,3.32,4.35,attacks people,3,False,0.391,0.9927,podcast_lecture,White,attacks,people,"[{'word_confidence': [['people', 0.296]], 'confidence': 0.296, 'transcript': 'people ', 'timestamps': [['people', 0.98, 1.26]]}]",yes,0.4601,people,0.6391
DennisMcKenna1_chunk_43_1498940599573562_count_0_noise_-1_noise_type_White,2,21.81,22.55,something Terence,-1,True,0.9116,0.4948,podcast_lecture,White,something,Terence,"[{'word_confidence': [['something', 1.0], ['terrible', 0.377]], 'confidence': 0.696, 'transcript': 'something terrible ', 'timestamps': [['something', 0.24, 0.63], ['terrible', 0.63, 1.0]]}]",something,1.0,terrible,0.6938
DennisMcKenna1_chunk_43_1498940599573562_count_0_noise_0_noise_type_White,2,21.81,22.55,something Terence,0,True,0.9116,0.4948,podcast_lecture,White,something,Terence,"[{'word_confidence': [['something', 1.0], ['terrible', 0.529]], 'confidence': 0.761, 'transcript': 'something terrible ', 'timestamps': [['something', 0.27, 0.63], ['terrible', 0.63, 1.0]]}]",something,1.0,terrible,0.8219
DennisMcKenna1_chunk_43_1498940599573562_count_0_noise_10_noise_type_White,2,21.81,22.55,something Terence,10,True,0.9116,0.4948,podcast_lecture,White,something,Terence,"[{'word_confidence': [['something', 1.0], ['terrible', 1.0]], 'confidence': 1.0, 'transcript': 'something terrible ', 'timestamps': [['something', 0.27, 0.63], ['terrible', 0.63, 1.0]]}]",something,1.0,terrible,0.9936
DennisMcKenna1_chunk_43_1498940599573562_count_0_noise_20_noise_type_White,2,21.81,22.55,something Terence,20,True,0.9116,0.4948,podcast_lecture,White,something,Terence,"[{'word_confidence': [['something', 1.0], ['terrible', 0.666]], 'confidence': 0.831, 'transcript': 'something terrible ', 'timestamps': [['something', 0.27, 0.63], ['terrible', 0.63, 1.0]]}]",something,1.0,terrible,0.9133
DennisMcKenna1_chunk_43_1498940599573562_count_0_noise_25_noise_type_White,2,21.81,22.55,something Terence,25,True,0.9116,0.4948,podcast_lecture,White,something,Terence,"[{'word_confidence': [['something', 1.0], ['terrible', 0.538]], 'confidence': 0.76, 'transcript': 'something terrible ', 'timestamps': [['something', 0.28, 0.63], ['terrible', 0.63, 1.01]]}]",something,1.0,terrible,0.861
DennisMcKenna1_chunk_43_1498940599573562_count_0_noise_27_noise_type_White,2,21.81,22.55,something Terence,27,True,0.9116,0.4948,podcast_lecture,White,something,Terence,"[{'word_confidence': [['something', 1.0], ['terrible', 0.472]], 'confidence': 0.725, 'transcript': 'something terrible ', 'timestamps': [['something', 0.28, 0.63], ['terrible', 0.63, 1.01]]}]",something,1.0,terrible,0.8406
DennisMcKenna1_chunk_43_1498940599573562_count_0_noise_29_noise_type_White,2,21.81,22.55,something Terence,29,True,0.9116,0.4948,podcast_lecture,White,something,Terence,"[{'word_confidence': [['something', 1.0], ['terrible', 0.551]], 'confidence': 0.766, 'transcript': 'something terrible ', 'timestamps': [['something', 0.28, 0.63], ['terrible', 0.63, 1.01]]}]",something,0.9989,terrible,0.8852
ErosAndTheEschaton_chunk_248_1498940599573562_count_0_noise_-1_noise_type_White,2,11.25,12.03,thing government,-1,False,0.2173,0.9306,podcast_lecture,White,thing,government,"[{'word_confidence': [['I', 0.812], ['think', 0.555], ['our', 0.397], ['government', 0.749]], 'confidence': 0.673, 'transcript': 'I think our government ', 'timestamps': [['I', 0.21, 0.28], ['think', 0.28, 0.42], ['our', 0.42, 0.53], ['government', 0.53, 1.02]]}]",I,0.8869,think,0.7853,our,0.7621,government,0.9583
ErosAndTheEschaton_chunk_248_1498940599573562_count_0_noise_0_noise_type_White,2,11.25,12.03,thing government,0,False,0.2173,0.9306,podcast_lecture,White,thing,government,"[{'word_confidence': [['I', 0.549], ['think', 0.481], ['our', 0.313], ['government', 0.762]], 'confidence': 0.635, 'transcript': 'I think our government ', 'timestamps': [['I', 0.22, 0.28], ['think', 0.28, 0.42], ['our', 0.42, 0.53], ['government', 0.53, 1.02]]}]",I,0.5651,think,0.5085,our,0.4699,government,0.9637
ErosAndTheEschaton_chunk_248_1498940599573562_count_0_noise_10_noise_type_White,2,11.25,12.03,thing government,10,False,0.2173,0.9306,podcast_lecture,White,thing,government,"[{'word_confidence': [['government', 0.757]], 'confidence': 0.757, 'transcript': 'government ', 'timestamps': [['government', 0.55, 1.02]]}]",government,0.8972
ErosAndTheEschaton_chunk_248_1498940599573562_count_0_noise_20_noise_type_White,2,11.25,12.03,thing government,20,False,0.2173,0.9306,podcast_lecture,White,thing,government,"[{'word_confidence': [['government', 0.617]], 'confidence': 0.617, 'transcript': 'government ', 'timestamps': [['government', 0.55, 1.0]]}]",government,0.8298
ErosAndTheEschaton_chunk_248_1498940599573562_count_0_noise_25_noise_type_White,2,11.25,12.03,thing government,25,False,0.2173,0.9306,podcast_lecture,White,thing,government,"[{'word_confidence': [['government', 0.575]], 'confidence': 0.575, 'transcript': 'government ', 'timestamps': [['government', 0.54, 1.0]]}]",government,0.8038
ErosAndTheEschaton_chunk_248_1498940599573562_count_0_noise_27_noise_type_White,2,11.25,12.03,thing government,27,False,0.2173,0.9306,podcast_lecture,White,thing,government,"[{'word_confidence': [['government', 0.453]], 'confidence': 0.453, 'transcript': 'government ', 'timestamps': [['government', 0.54, 0.99]]}]",government,0.7587
ErosAndTheEschaton_chunk_248_1498940599573562_count_1_noise_-1_noise_type_White,2,16.71,17.69,illegal going,-1,True,0.9592,0.455,podcast_lecture,White,illegal,going,"[{'word_confidence': [['I', 0.172], ['only', 0.729], ['got', 0.495]], 'confidence': 0.604, 'transcript': 'I only got ', 'timestamps': [['I', 0.29, 0.32], ['only', 0.32, 0.63], ['got', 0.63, 0.87]]}]",I,0.5353,only,0.7798,got,0.571
TerenceMckenna-TrueHallucinations13-16_chunk_88_1498940599573562_count_0_noise_-1_noise_type_White,2,17.62,18.84,fighters growing,-1,False,0.4157,0.9031,podcast_lecture,White,fighters,growing,"[{'word_confidence': [['fighters', 0.1], ['growing', 0.958]], 'confidence': 0.469, 'transcript': 'fighters growing ', 'timestamps': [['fighters', 0.31, 0.96], ['growing', 0.96, 1.45]]}]",fighter,0.2558,is,0.5435,growing,0.8064
TerenceMckenna-TrueHallucinations13-16_chunk_88_1498940599573562_count_0_noise_0_noise_type_White,2,17.62,18.84,fighters growing,0,False,0.4157,0.9031,podcast_lecture,White,fighters,growing,"[{'word_confidence': [['fighters', 0.094], ['growing', 0.96]], 'confidence': 0.466, 'transcript': 'fighters growing ', 'timestamps': [['fighters', 0.31, 0.96], ['growing', 0.96, 1.45]]}]",fighter,0.2599,is,0.5847,growing,0.7483
TerenceMckenna-TrueHallucinations13-16_chunk_88_1498940599573562_count_0_noise_10_noise_type_White,2,17.62,18.84,fighters growing,10,False,0.4157,0.9031,podcast_lecture,White,fighters,growing,"[{'word_confidence': [['fighters', 0.111], ['growing', 0.753]], 'confidence': 0.387, 'transcript': 'fighters growing ', 'timestamps': [['fighters', 0.31, 0.96], ['growing', 0.96, 1.45]]}]",hundred,0.2592,is,0.5776,growing,0.7552
TerenceMckenna-TrueHallucinations13-16_chunk_88_1498940599573562_count_0_noise_20_noise_type_White,2,17.62,18.84,fighters growing,20,False,0.4157,0.9031,podcast_lecture,White,fighters,growing,"[{'word_confidence': [['fighters', 0.09], ['throwing', 0.483]], 'confidence': 0.259, 'transcript': 'fighters throwing ', 'timestamps': [['fighters', 0.31, 0.96], ['throwing', 0.96, 1.45]]}]",five,0.5715,hundred,0.498,throwing,0.7142
TerenceMckenna-TrueHallucinations13-16_chunk_88_1498940599573562_count_0_noise_15_noise_type_White,2,17.62,18.84,fighters growing,15,False,0.4157,0.9031,podcast_lecture,White,fighters,growing,"[{'word_confidence': [['fighters', 0.152], ['throwing', 0.471]], 'confidence': 0.289, 'transcript': 'fighters throwing ', 'timestamps': [['fighters', 0.31, 0.96], ['throwing', 0.96, 1.45]]}]",fighters,0.4137,throwing,0.4391
TerenceMckenna-TrueHallucinations13-16_chunk_88_1498940599573562_count_0_noise_12_noise_type_White,2,17.62,18.84,fighters growing,12,False,0.4157,0.9031,podcast_lecture,White,fighters,growing,"[{'word_confidence': [['five', 0.296], ['hundred', 0.248], ['is', 0.145], ['growing', 0.61]], 'confidence': 0.397, 'transcript': 'five hundred is growing ', 'timestamps': [['five', 0.31, 0.48], ['hundred', 0.48, 0.81], ['is', 0.81, 0.96], ['growing', 0.96, 1.45]]}]",hundred,0.3952,growing,0.667
TerenceMckenna-TrueHallucinations13-16_chunk_88_1498940599573562_count_0_noise_14_noise_type_White,2,17.62,18.84,fighters growing,14,False,0.4157,0.9031,podcast_lecture,White,fighters,growing,"[{'word_confidence': [['fighters', 0.149], ['throwing', 0.268]], 'confidence': 0.199, 'transcript': 'fighters throwing ', 'timestamps': [['fighters', 0.31, 0.97], ['throwing', 0.97, 1.45]]}]",hundred,0.4522,growing,0.657
DennisMcKenna5_chunk_23_1498940599573562_count_0_noise_-1_noise_type_White,2,1.73,2.98,critical ingredient,-1,True,0.889,0.4633,podcast_lecture,White,critical,ingredient,"[{'word_confidence': [['critical', 0.868], ['ingredient', 0.249]], 'confidence': 0.489, 'transcript': 'critical ingredient ', 'timestamps': [['critical', 0.28, 0.75], ['ingredient', 0.75, 1.49]]}]",critical,0.9963,ingredient,0.6431
DennisMcKenna5_chunk_23_1498940599573562_count_0_noise_0_noise_type_White,2,1.73,2.98,critical ingredient,0,True,0.889,0.4633,podcast_lecture,White,critical,ingredient,"[{'word_confidence': [['critical', 0.869], ['even', 0.339], ['the', 0.301]], 'confidence': 0.535, 'transcript': 'critical even the ', 'timestamps': [['critical', 0.27, 0.75], ['even', 0.75, 1.03], ['the', 1.03, 1.48]]}]",critical,0.9926,indeed,0.419
DennisMcKenna5_chunk_23_1498940599573562_count_0_noise_10_noise_type_White,2,1.73,2.98,critical ingredient,10,True,0.889,0.4633,podcast_lecture,White,critical,ingredient,"[{'word_confidence': [['critical', 0.771], ['even', 0.376], ['the', 0.326]], 'confidence': 0.52, 'transcript': 'critical even the ', 'timestamps': [['critical', 0.25, 0.75], ['even', 0.75, 1.03], ['the', 1.03, 1.47]]}]",critical,0.9679,indeed,0.4091
DennisMcKenna5_chunk_23_1498940599573562_count_0_noise_20_noise_type_White,2,1.73,2.98,critical ingredient,20,True,0.889,0.4633,podcast_lecture,White,critical,ingredient,"[{'word_confidence': [['critical', 0.729], ['even', 0.208], ['be', 0.419]], 'confidence': 0.496, 'transcript': 'critical even be ', 'timestamps': [['critical', 0.26, 0.75], ['even', 0.75, 1.03], ['be', 1.03, 1.47]]}]",critical,0.933,indeed,0.4618
DennisMcKenna5_chunk_23_1498940599573562_count_0_noise_30_noise_type_White,2,1.73,2.98,critical ingredient,30,True,0.889,0.4633,podcast_lecture,White,critical,ingredient,"[{'word_confidence': [['well', 0.106], ['of', 0.352], ['course', 0.347], ['it', 0.721], ['would', 0.356], ['be', 0.849]], 'confidence': 0.54, 'transcript': 'well of course it would be ', 'timestamps': [['well', 0.36, 0.53], ['of', 0.53, 0.61], ['course', 0.61, 0.78], ['it', 0.81, 0.93], ['would', 0.93, 1.06], ['be', 1.06, 1.46]]}]",course,0.405,it,0.8315,will,0.4178,be,0.8888
DennisMcKenna5_chunk_23_1498940599573562_count_0_noise_25_noise_type_White,2,1.73,2.98,critical ingredient,25,True,0.889,0.4633,podcast_lecture,White,critical,ingredient,"[{'word_confidence': [['critical', 0.606], ['it', 0.45], ['will', 0.24], ['be', 0.622]], 'confidence': 0.558, 'transcript': 'critical it will be ', 'timestamps': [['critical', 0.28, 0.77], ['it', 0.81, 0.93], ['will', 0.93, 1.05], ['be', 1.05, 1.47]]}]",critical,0.8723,<eps>,0.89,it,0.5567,be,0.6904
DennisMcKenna5_chunk_23_1498940599573562_count_0_noise_27_noise_type_White,2,1.73,2.98,critical ingredient,27,True,0.889,0.4633,podcast_lecture,White,critical,ingredient,"[{'word_confidence': [['critical', 0.569], ['it', 0.601], ['will', 0.336], ['be', 0.746]], 'confidence': 0.613, 'transcript': 'critical it will be ', 'timestamps': [['critical', 0.28, 0.77], ['it', 0.81, 0.93], ['will', 0.93, 1.05], ['be', 1.05, 1.47]]}]",critical,0.7743,it,0.7066,will,0.4146,be,0.7872
DennisMcKenna5_chunk_23_1498940599573562_count_0_noise_29_noise_type_White,2,1.73,2.98,critical ingredient,29,True,0.889,0.4633,podcast_lecture,White,critical,ingredient,"[{'word_confidence': [['well', 0.07], ['of', 0.197], ['course', 0.197], ['it', 0.781], ['would', 0.402], ['be', 0.85]], 'confidence': 0.515, 'transcript': 'well of course it would be ', 'timestamps': [['well', 0.36, 0.53], ['of', 0.53, 0.61], ['course', 0.61, 0.78], ['it', 0.81, 0.93], ['would', 0.93, 1.06], ['be', 1.06, 1.47]]}]",critical,0.4696,it,0.8394,will,0.4435,be,0.9111
DennisMcKenna5_chunk_23_1498940599573562_count_0_noise_28_noise_type_White,2,1.73,2.98,critical ingredient,28,True,0.889,0.4633,podcast_lecture,White,critical,ingredient,"[{'word_confidence': [['critical', 0.482], ['it', 0.721], ['will', 0.38], ['be', 0.777]], 'confidence': 0.606, 'transcript': 'critical it will be ', 'timestamps': [['critical', 0.3, 0.77], ['it', 0.81, 0.93], ['will', 0.93, 1.05], ['be', 1.05, 1.47]]}]",critical,0.5921,it,0.7948,will,0.4471,be,0.8494
History_4A_Fall_2007_UC_Berkeley_Lecture_28_Crisis_and_Recovery_AD_161-337_20480_chunk_33_1498940599573562_count_0_noise_-1_noise_type_White,2,5.52,6.31,ninety rolled,-1,True,0.9999,0.2412,podcast_lecture,White,ninety,rolled,"[{'word_confidence': [['ninety', 1.0], ['rolled', 0.119]], 'confidence': 0.652, 'transcript': 'ninety rolled ', 'timestamps': [['ninety', 0.21, 0.7], ['rolled', 0.7, 1.02]]}]",ninety,1.0,rolled,0.3314
History_4A_Fall_2007_UC_Berkeley_Lecture_28_Crisis_and_Recovery_AD_161-337_20480_chunk_33_1498940599573562_count_0_noise_0_noise_type_White,2,5.52,6.31,ninety rolled,0,True,0.9999,0.2412,podcast_lecture,White,ninety,rolled,"[{'word_confidence': [['ninety', 0.818], ['rolled', 0.122]], 'confidence': 0.545, 'transcript': 'ninety rolled ', 'timestamps': [['ninety', 0.23, 0.71], ['rolled', 0.71, 1.02]]}]",ninety,0.9602,rolled,0.3959
History_4A_Fall_2007_UC_Berkeley_Lecture_28_Crisis_and_Recovery_AD_161-337_20480_chunk_33_1498940599573562_count_0_noise_10_noise_type_White,2,5.52,6.31,ninety rolled,10,True,0.9999,0.2412,podcast_lecture,White,ninety,rolled,"[{'word_confidence': [['ninety', 0.815], ['rolled', 0.129]], 'confidence': 0.53, 'transcript': 'ninety rolled ', 'timestamps': [['ninety', 0.25, 0.7], ['rolled', 0.7, 1.02]]}]",ninety,0.9271
History_4A_Fall_2007_UC_Berkeley_Lecture_28_Crisis_and_Recovery_AD_161-337_20480_chunk_33_1498940599573562_count_0_noise_15_noise_type_White,2,5.52,6.31,ninety rolled,15,True,0.9999,0.2412,podcast_lecture,White,ninety,rolled,"[{'word_confidence': [['nine', 0.127], ['zero', 0.077]], 'confidence': 0.096, 'transcript': 'nine zero ', 'timestamps': [['nine', 0.25, 0.52], ['zero', 0.52, 0.97]]}]",ninety,0.7406
History_4A_Fall_2007_UC_Berkeley_Lecture_28_Crisis_and_Recovery_AD_161-337_20480_chunk_33_1498940599573562_count_0_noise_17_noise_type_White,2,5.52,6.31,ninety rolled,17,True,0.9999,0.2412,podcast_lecture,White,ninety,rolled,"[{'word_confidence': [['nine', 0.151], ['zero', 0.108]], 'confidence': 0.125, 'transcript': 'nine zero ', 'timestamps': [['nine', 0.25, 0.54], ['zero', 0.54, 0.97]]}]",ninety,0.5483,zero,0.4398
History_4A_Fall_2007_UC_Berkeley_Lecture_28_Crisis_and_Recovery_AD_161-337_20480_chunk_33_1498940599573562_count_0_noise_19_noise_type_White,2,5.52,6.31,ninety rolled,19,True,0.9999,0.2412,podcast_lecture,White,ninety,rolled,"[{'word_confidence': [['nine', 0.514], ['zero', 0.086]], 'confidence': 0.259, 'transcript': 'nine zero ', 'timestamps': [['nine', 0.25, 0.54], ['zero', 0.54, 0.97]]}]",nine,0.6765,zero,0.5798
History_4A_Fall_2007_UC_Berkeley_Lecture_28_Crisis_and_Recovery_AD_161-337_20480_chunk_33_1498940599573562_count_0_noise_18_noise_type_White,2,5.52,6.31,ninety rolled,18,True,0.9999,0.2412,podcast_lecture,White,ninety,rolled,"[{'word_confidence': [['nine', 0.211], ['zero', 0.111]], 'confidence': 0.151, 'transcript': 'nine zero ', 'timestamps': [['nine', 0.25, 0.54], ['zero', 0.54, 0.97]]}]",nine,0.5247,zero,0.5091
episode_20080515_165434-0700_chunk_61_1498940599573562_count_0_noise_-1_noise_type_White,2,16.61,18.28,emotion anger,-1,False,0.4976,0.9747,podcast_lecture,White,emotion,anger,"[{'word_confidence': [['a', 0.238], ['motion', 0.931]], 'confidence': 0.846, 'transcript': 'a motion ', 'timestamps': [['a', 0.23, 0.3], ['motion', 0.3, 0.8]]}, {'word_confidence': [['anger', 0.998]], 'confidence': 0.998, 'transcript': 'anger ', 'timestamps': [['anger', 1.02, 1.92]]}]",a,0.5657,motion,0.9605,anger,0.9989
episode_20080515_165434-0700_chunk_61_1498940599573562_count_0_noise_0_noise_type_White,2,16.61,18.28,emotion anger,0,False,0.4976,0.9747,podcast_lecture,White,emotion,anger,"[{'word_confidence': [['a', 0.178], ['motion', 0.985], ['anger', 0.997]], 'confidence': 0.956, 'transcript': 'a motion anger ', 'timestamps': [['a', 0.23, 0.3], ['motion', 0.3, 0.88], ['anger', 1.02, 1.92]]}]",a,0.4638,motion,0.9918,anger,0.9734
episode_20080515_165434-0700_chunk_61_1498940599573562_count_0_noise_10_noise_type_White,2,16.61,18.28,emotion anger,10,False,0.4976,0.9747,podcast_lecture,White,emotion,anger,"[{'word_confidence': [['the', 0.334], ['motion', 0.988], ['anger', 0.997]], 'confidence': 0.952, 'transcript': 'the motion anger ', 'timestamps': [['the', 0.2, 0.3], ['motion', 0.3, 0.87], ['anger', 1.01, 1.92]]}]",the,0.857,motion,0.9902,anger,0.9573
episode_20080515_165434-0700_chunk_61_1498940599573562_count_0_noise_20_noise_type_White,2,16.61,18.28,emotion anger,20,False,0.4976,0.9747,podcast_lecture,White,emotion,anger,"[{'word_confidence': [['the', 0.374], ['motion', 0.984], ['anger', 0.995]], 'confidence': 0.95, 'transcript': 'the motion anger ', 'timestamps': [['the', 0.2, 0.3], ['motion', 0.3, 0.84], ['anger', 1.02, 1.89]]}]",the,0.8897,motion,0.9784,anger,0.9014
episode_20080515_165434-0700_chunk_61_1498940599573562_count_0_noise_25_noise_type_White,2,16.61,18.28,emotion anger,25,False,0.4976,0.9747,podcast_lecture,White,emotion,anger,"[{'word_confidence': [['no', 0.136], ['motion', 0.49], ['anger', 0.996]], 'confidence': 0.768, 'transcript': 'no motion anger ', 'timestamps': [['no', 0.23, 0.32], ['motion', 0.32, 0.83], ['anger', 1.02, 1.89]]}]",%HESITATION,0.2774,motion,0.6039,anger,0.7765
episode_20080108_125846-0800_chunk_75_1498940599573562_count_0_noise_-1_noise_type_White,2,12.39,13.0,second floor,-1,True,0.9017,0.4676,podcast_lecture,White,second,floor,[]
episode_20080108_125846-0800_chunk_75_1498940599573562_count_1_noise_-1_noise_type_White,2,21.01,22.05,number haste,-1,True,0.9403,0.298,podcast_lecture,White,number,haste,"[{'word_confidence': [['number', 0.998], ['eight', 0.516]], 'confidence': 0.851, 'transcript': 'number eight ', 'timestamps': [['number', 0.24, 0.65], ['eight', 1.04, 1.22]]}]",number,0.999,eight,0.7697
episode_20080108_125846-0800_chunk_75_1498940599573562_count_1_noise_0_noise_type_White,2,21.01,22.05,number haste,0,True,0.9403,0.298,podcast_lecture,White,number,haste,"[{'word_confidence': [['number', 0.996], ['eight', 0.471]], 'confidence': 0.815, 'transcript': 'number eight ', 'timestamps': [['number', 0.27, 0.67], ['eight', 1.01, 1.22]]}]",number,0.9998,eight,0.8148
episode_20080108_125846-0800_chunk_75_1498940599573562_count_1_noise_10_noise_type_White,2,21.01,22.05,number haste,10,True,0.9403,0.298,podcast_lecture,White,number,haste,"[{'word_confidence': [['number', 0.994], ['eight', 0.381]], 'confidence': 0.783, 'transcript': 'number eight ', 'timestamps': [['number', 0.26, 0.66], ['eight', 1.01, 1.22]]}]",number,0.9998,eight,0.794
episode_20080108_125846-0800_chunk_75_1498940599573562_count_1_noise_15_noise_type_White,2,21.01,22.05,number haste,15,True,0.9403,0.298,podcast_lecture,White,number,haste,"[{'word_confidence': [['number', 0.914], ['eight', 0.283]], 'confidence': 0.692, 'transcript': 'number eight ', 'timestamps': [['number', 0.27, 0.64], ['eight', 1.01, 1.21]]}]",number,0.9991,eight,0.7582
episode_20080108_125846-0800_chunk_75_1498940599573562_count_1_noise_17_noise_type_White,2,21.01,22.05,number haste,17,True,0.9403,0.298,podcast_lecture,White,number,haste,"[{'word_confidence': [['number', 0.888], ['eight', 0.232]], 'confidence': 0.654, 'transcript': 'number eight ', 'timestamps': [['number', 0.27, 0.63], ['eight', 1.01, 1.21]]}]",number,0.9986,eight,0.7274
episode_20080108_125846-0800_chunk_75_1498940599573562_count_1_noise_19_noise_type_White,2,21.01,22.05,number haste,19,True,0.9403,0.298,podcast_lecture,White,number,haste,"[{'word_confidence': [['number', 0.876], ['eight', 0.231]], 'confidence': 0.642, 'transcript': 'number eight ', 'timestamps': [['number', 0.27, 0.62], ['eight', 1.01, 1.21]]}]",number,0.9985,eight,0.7209
Mcluhan-Mckenna_1_chunk_28_1498940599573562_count_0_noise_-1_noise_type_White,2,8.82,9.95,because passers,-1,True,0.7617,0.4629,podcast_lecture,White,because,passers,"[{'word_confidence': [['because', 0.816], ['passers', 0.115]], 'confidence': 0.369, 'transcript': 'because passers ', 'timestamps': [['because', 0.25, 0.66], ['passers', 0.66, 1.38]]}]",because,0.5679,past,0.3091,safe,0.5074
Mcluhan-Mckenna_1_chunk_28_1498940599573562_count_0_noise_0_noise_type_White,2,8.82,9.95,because passers,0,True,0.7617,0.4629,podcast_lecture,White,because,passers,"[{'word_confidence': [['because', 0.802], ['passers', 0.108]], 'confidence': 0.36, 'transcript': 'because passers ', 'timestamps': [['because', 0.25, 0.66], ['passers', 0.66, 1.38]]}]",because,0.5604,past,0.2824
Mcluhan-Mckenna_1_chunk_28_1498940599573562_count_0_noise_10_noise_type_White,2,8.82,9.95,because passers,10,True,0.7617,0.4629,podcast_lecture,White,because,passers,"[{'word_confidence': [['because', 0.857], ['passers', 0.093]], 'confidence': 0.37, 'transcript': 'because passers ', 'timestamps': [['because', 0.25, 0.66], ['passers', 0.66, 1.38]]}]",because,0.6134,past,0.4071,safe,0.5355
Mcluhan-Mckenna_1_chunk_28_1498940599573562_count_0_noise_20_noise_type_White,2,8.82,9.95,because passers,20,True,0.7617,0.4629,podcast_lecture,White,because,passers,"[{'word_confidence': [['cars', 0.27], ['pass', 0.132], ['safe', 0.6]], 'confidence': 0.311, 'transcript': 'cars pass safe ', 'timestamps': [['cars', 0.26, 0.66], ['pass', 0.66, 1.05], ['safe', 1.05, 1.35]]}]",cars,0.4489,pass,0.2457,safe,0.8809
Mcluhan-Mckenna_1_chunk_28_1498940599573562_count_0_noise_15_noise_type_White,2,8.82,9.95,because passers,15,True,0.7617,0.4629,podcast_lecture,White,because,passers,"[{'word_confidence': [['cars', 0.158], ['pass', 0.175], ['safe', 0.422]], 'confidence': 0.235, 'transcript': 'cars pass safe ', 'timestamps': [['cars', 0.26, 0.65], ['pass', 0.65, 1.06], ['safe', 1.06, 1.35]]}]",because,0.5881,past,0.4249
Mcluhan-Mckenna_1_chunk_28_1498940599573562_count_0_noise_17_noise_type_White,2,8.82,9.95,because passers,17,True,0.7617,0.4629,podcast_lecture,White,because,passers,"[{'word_confidence': [['cars', 0.176], ['pass', 0.157], ['safe', 0.426]], 'confidence': 0.235, 'transcript': 'cars pass safe ', 'timestamps': [['cars', 0.26, 0.65], ['pass', 0.65, 1.06], ['safe', 1.06, 1.35]]}]",because,0.5811,past,0.4319
Mcluhan-Mckenna_1_chunk_28_1498940599573562_count_0_noise_19_noise_type_White,2,8.82,9.95,because passers,19,True,0.7617,0.4629,podcast_lecture,White,because,passers,"[{'word_confidence': [['cars', 0.277], ['pass', 0.149], ['safe', 0.457]], 'confidence': 0.281, 'transcript': 'cars pass safe ', 'timestamps': [['cars', 0.26, 0.66], ['pass', 0.66, 1.05], ['safe', 1.05, 1.35]]}]",because,0.4402,past,0.2809,safe,0.7207
Mcluhan-Mckenna_1_chunk_28_1498940599573562_count_0_noise_18_noise_type_White,2,8.82,9.95,because passers,18,True,0.7617,0.4629,podcast_lecture,White,because,passers,"[{'word_confidence': [['cars', 0.185], ['pass', 0.158], ['safe', 0.439]], 'confidence': 0.242, 'transcript': 'cars pass safe ', 'timestamps': [['cars', 0.26, 0.65], ['pass', 0.65, 1.06], ['safe', 1.06, 1.35]]}]",because,0.5573,past,0.4073,safe,0.5786
History_4A_Fall_2007_UC_Berkeley_Lecture_24_Monarchy_at_Rome_The_Age_of_Augustus_20476_chunk_69_1498940599573562_count_0_noise_-1_noise_type_White,2,8.43,9.41,other governorships,-1,False,0.4283,0.813,podcast_lecture,White,other,governorships,"[{'word_confidence': [['%HESITATION', 0.372], ['the', 0.587], ['governorships', 0.521]], 'confidence': 0.504, 'transcript': '%HESITATION the governorships ', 'timestamps': [['%HESITATION', 0.29, 0.45], ['the', 0.45, 0.58], ['governorships', 0.58, 1.2]]}]",%HESITATION,0.854,the,0.8627,governorships,0.6336
History_4A_Fall_2007_UC_Berkeley_Lecture_24_Monarchy_at_Rome_The_Age_of_Augustus_20476_chunk_69_1498940599573562_count_0_noise_0_noise_type_White,2,8.43,9.41,other governorships,0,False,0.4283,0.813,podcast_lecture,White,other,governorships,"[{'word_confidence': [['%HESITATION', 0.574], ['the', 0.57], ['governorship', 0.641]], 'confidence': 0.617, 'transcript': '%HESITATION the governorship ', 'timestamps': [['%HESITATION', 0.28, 0.45], ['the', 0.45, 0.58], ['governorship', 0.58, 1.16]]}]",%HESITATION,0.9167,the,0.9134,governorship,0.8089
ErosAndTheEschaton_chunk_109_1498940599573562_count_0_noise_-1_noise_type_White,2,17.39,18.5,universal linked,-1,True,0.9665,0.3776,podcast_lecture,White,universal,linked,"[{'word_confidence': [['universally', 0.146]], 'confidence': 0.146, 'transcript': 'universally ', 'timestamps': [['universally', 0.31, 1.19]]}]",universally,0.5293
TerenceMckenna-TrueHallucinations13-16_chunk_89_1498940599573562_count_0_noise_-1_noise_type_White,2,15.49,16.35,seemed impossible,-1,False,0.441,0.9312,podcast_lecture,White,seemed,impossible,"[{'word_confidence': [[""it's"", 0.209], ['impossible', 0.738]], 'confidence': 0.671, 'transcript': ""it's impossible "", 'timestamps': [[""it's"", 0.23, 0.34], ['impossible', 0.34, 1.09]]}]",it's,0.6329,impossible,0.9503
TerenceMckenna-TrueHallucinations13-16_chunk_89_1498940599573562_count_0_noise_0_noise_type_White,2,15.49,16.35,seemed impossible,0,False,0.441,0.9312,podcast_lecture,White,seemed,impossible,"[{'word_confidence': [[""it's"", 0.22], ['impossible', 0.732]], 'confidence': 0.667, 'transcript': ""it's impossible "", 'timestamps': [[""it's"", 0.23, 0.34], ['impossible', 0.34, 1.09]]}]",it's,0.6379,impossible,0.9495
TerenceMckenna-TrueHallucinations13-16_chunk_89_1498940599573562_count_0_noise_10_noise_type_White,2,15.49,16.35,seemed impossible,10,False,0.441,0.9312,podcast_lecture,White,seemed,impossible,"[{'word_confidence': [[""it's"", 0.228], ['impossible', 0.733]], 'confidence': 0.669, 'transcript': ""it's impossible "", 'timestamps': [[""it's"", 0.23, 0.34], ['impossible', 0.34, 1.09]]}]",it's,0.6426,impossible,0.9515
TerenceMckenna-TrueHallucinations13-16_chunk_89_1498940599573562_count_0_noise_20_noise_type_White,2,15.49,16.35,seemed impossible,20,False,0.441,0.9312,podcast_lecture,White,seemed,impossible,"[{'word_confidence': [[""it's"", 0.215], ['impossible', 0.655]], 'confidence': 0.604, 'transcript': ""it's impossible "", 'timestamps': [[""it's"", 0.23, 0.33], ['impossible', 0.33, 1.09]]}]",it's,0.5908,impossible,0.9352
TerenceMckenna-TrueHallucinations13-16_chunk_89_1498940599573562_count_0_noise_25_noise_type_White,2,15.49,16.35,seemed impossible,25,False,0.441,0.9312,podcast_lecture,White,seemed,impossible,"[{'word_confidence': [[""it's"", 0.201], ['impossible', 0.513]], 'confidence': 0.477, 'transcript': ""it's impossible "", 'timestamps': [[""it's"", 0.23, 0.33], ['impossible', 0.33, 1.08]]}]",it's,0.517,impossible,0.9282
TerenceMckenna-TrueHallucinations13-16_chunk_89_1498940599573562_count_0_noise_27_noise_type_White,2,15.49,16.35,seemed impossible,27,False,0.441,0.9312,podcast_lecture,White,seemed,impossible,"[{'word_confidence': [['impossible', 0.665]], 'confidence': 0.665, 'transcript': 'impossible ', 'timestamps': [['impossible', 0.47, 1.08]]}]",impossible,0.9278
TerenceMckenna-TrueHallucinations13-16_chunk_89_1498940599573562_count_0_noise_29_noise_type_White,2,15.49,16.35,seemed impossible,29,False,0.441,0.9312,podcast_lecture,White,seemed,impossible,"[{'word_confidence': [['impossible', 0.551]], 'confidence': 0.551, 'transcript': 'impossible ', 'timestamps': [['impossible', 0.47, 1.08]]}]",impossible,0.8429
History_4A_Fall_2007_UC_Berkeley_Lecture_22_Violence_and_Civil_War_The_Fall_of_the_Roman_Republic_20474_chunk_128_1498940599573562_count_0_noise_-1_noise_type_White,2,10.31,10.73,people always,-1,True,0.9486,0.4855,podcast_lecture,White,people,always,"[{'word_confidence': [['people', 0.587], ['are', 0.084]], 'confidence': 0.442, 'transcript': 'people are ', 'timestamps': [['people', 0.2, 0.47], ['are', 0.47, 0.58]]}]",people,0.6067,right,0.3568
TerenceMckenna-TrueHallucinations11-16_chunk_22_1498940599573562_count_0_noise_-1_noise_type_White,2,13.32,14.13,cloudless definitely,-1,False,0.4307,0.8335,podcast_lecture,White,cloudless,definitely,"[{'word_confidence': [['yeah', 0.753]], 'confidence': 0.753, 'transcript': 'yeah ', 'timestamps': [['yeah', 0.5, 0.71]]}]",yeah,0.7679
TerenceMckenna-TrueHallucinations15-16_chunk_25_1498940599573562_count_0_noise_-1_noise_type_White,2,14.78,15.88,listless infinitely,-1,False,0.4009,0.7276,podcast_lecture,White,listless,infinitely,"[{'word_confidence': [['this', 0.138], ['was', 0.684], ['definitely', 0.015]], 'confidence': 0.193, 'transcript': 'this was definitely ', 'timestamps': [['this', 0.32, 0.47], ['was', 0.47, 0.71], ['definitely', 0.71, 1.33]]}]",was,0.51,was,0.6933
episode_20070501_163547-0700_chunk_61_1498940599573562_count_0_noise_-1_noise_type_White,2,17.64,18.88,fascinating pounds,-1,True,0.9951,0.452,podcast_lecture,White,fascinating,pounds,"[{'word_confidence': [['fascinating', 1.0], ['pound', 0.131]], 'confidence': 0.725, 'transcript': 'fascinating pound ', 'timestamps': [['fascinating', 0.24, 1.04], ['pound', 1.08, 1.45]]}]",fascinating,0.9919,pounds,0.2845
episode_20070501_163547-0700_chunk_61_1498940599573562_count_0_noise_0_noise_type_White,2,17.64,18.88,fascinating pounds,0,True,0.9951,0.452,podcast_lecture,White,fascinating,pounds,"[{'word_confidence': [['fascinating', 1.0], ['%HESITATION', 0.373]], 'confidence': 0.813, 'transcript': 'fascinating %HESITATION ', 'timestamps': [['fascinating', 0.24, 1.04], ['%HESITATION', 1.08, 1.42]]}]",fascinating,0.9999,%HESITATION,0.5001
episode_20070501_163547-0700_chunk_61_1498940599573562_count_0_noise_10_noise_type_White,2,17.64,18.88,fascinating pounds,10,True,0.9951,0.452,podcast_lecture,White,fascinating,pounds,"[{'word_confidence': [['fascinating', 1.0], ['found', 0.162]], 'confidence': 0.728, 'transcript': 'fascinating found ', 'timestamps': [['fascinating', 0.24, 1.03], ['found', 1.06, 1.44]]}]",fascinating,1.0,%HESITATION,0.4217
episode_20070501_163547-0700_chunk_61_1498940599573562_count_0_noise_20_noise_type_White,2,17.64,18.88,fascinating pounds,20,True,0.9951,0.452,podcast_lecture,White,fascinating,pounds,"[{'word_confidence': [['fascinating', 0.987], ['found', 0.534]], 'confidence': 0.84, 'transcript': 'fascinating found ', 'timestamps': [['fascinating', 0.24, 0.99], ['found', 1.06, 1.42]]}]",fascinating,0.9957,<eps>,0.7519,found,0.9382
episode_20070501_163547-0700_chunk_61_1498940599573562_count_0_noise_21_noise_type_White,2,17.64,18.88,fascinating pounds,21,True,0.9951,0.452,podcast_lecture,White,fascinating,pounds,"[{'word_confidence': [['fascinating', 0.991], ['found', 0.496]], 'confidence': 0.826, 'transcript': 'fascinating found ', 'timestamps': [['fascinating', 0.24, 0.98], ['found', 1.05, 1.42]]}]",fascinating,0.9949,<eps>,0.7204,found,0.9187
DennisMcKenna6_chunk_1_1498940599573562_count_0_noise_-1_noise_type_White,2,17.33,18.46,considered surprised,-1,True,0.9619,0.262,podcast_lecture,White,considered,surprised,"[{'word_confidence': [['enterprise', 0.03]], 'confidence': 0.03, 'transcript': 'enterprise ', 'timestamps': [['enterprise', 0.54, 1.36]]}]",consider,0.3158
History_4A_Fall_2007_UC_Berkeley_Lecture_29_The_Roman_State_and_the_Christian_Church_20481_chunk_88_1498940599573562_count_0_noise_-1_noise_type_White,2,17.62,18.44,thought across,-1,False,0.4363,0.764,podcast_lecture,White,thought,across,"[{'word_confidence': [['thought', 0.254], ['across', 0.441]], 'confidence': 0.386, 'transcript': 'thought across ', 'timestamps': [['thought', 0.28, 0.51], ['across', 0.51, 1.07]]}]",thought,0.3889,across,0.8037
History_4A_Fall_2007_UC_Berkeley_Lecture_29_The_Roman_State_and_the_Christian_Church_20481_chunk_88_1498940599573562_count_0_noise_0_noise_type_White,2,17.62,18.44,thought across,0,False,0.4363,0.764,podcast_lecture,White,thought,across,"[{'word_confidence': [['thought', 0.401], ['across', 0.408]], 'confidence': 0.405, 'transcript': 'thought across ', 'timestamps': [['thought', 0.19, 0.51], ['across', 0.51, 1.07]]}]",thought,0.5771,across,0.8902
History_4A_Fall_2007_UC_Berkeley_Lecture_29_The_Roman_State_and_the_Christian_Church_20481_chunk_88_1498940599573562_count_0_noise_10_noise_type_White,2,17.62,18.44,thought across,10,False,0.4363,0.764,podcast_lecture,White,thought,across,"[{'word_confidence': [['talk', 0.157], ['across', 0.556]], 'confidence': 0.437, 'transcript': 'talk across ', 'timestamps': [['talk', 0.29, 0.52], ['across', 0.52, 1.06]]}]",talk,0.527,across,0.9042
History_4A_Fall_2007_UC_Berkeley_Lecture_29_The_Roman_State_and_the_Christian_Church_20481_chunk_88_1498940599573562_count_0_noise_15_noise_type_White,2,17.62,18.44,thought across,15,False,0.4363,0.764,podcast_lecture,White,thought,across,"[{'word_confidence': [['father', 0.144], ['frost', 0.25]], 'confidence': 0.205, 'transcript': 'father frost ', 'timestamps': [['father', 0.24, 0.56], ['frost', 0.56, 1.01]]}]",father,0.4451,frost,0.385
History_4A_Fall_2007_UC_Berkeley_Lecture_29_The_Roman_State_and_the_Christian_Church_20481_chunk_88_1498940599573562_count_0_noise_12_noise_type_White,2,17.62,18.44,thought across,12,False,0.4363,0.764,podcast_lecture,White,thought,across,"[{'word_confidence': [['talk', 0.147], ['across', 0.611]], 'confidence': 0.473, 'transcript': 'talk across ', 'timestamps': [['talk', 0.29, 0.52], ['across', 0.52, 1.06]]}]",talk,0.5268,across,0.9167
History_4A_Fall_2007_UC_Berkeley_Lecture_29_The_Roman_State_and_the_Christian_Church_20481_chunk_88_1498940599573562_count_0_noise_14_noise_type_White,2,17.62,18.44,thought across,14,False,0.4363,0.764,podcast_lecture,White,thought,across,"[{'word_confidence': [['talk', 0.093], ['across', 0.352]], 'confidence': 0.27, 'transcript': 'talk across ', 'timestamps': [['talk', 0.29, 0.52], ['across', 0.52, 1.01]]}]",talk,0.2824,across,0.6319
History_4A_Fall_2007_UC_Berkeley_Lecture_29_The_Roman_State_and_the_Christian_Church_20481_chunk_150_1498940599573562_count_0_noise_-1_noise_type_White,2,6.4,7.23,weight Christian,-1,False,0.2819,0.9359,podcast_lecture,White,weight,Christian,"[{'word_confidence': [['wait', 0.525], ['Christian', 0.721]], 'confidence': 0.597, 'transcript': 'wait Christian ', 'timestamps': [['wait', 0.25, 0.75], ['Christian', 0.78, 1.07]]}]",wait,0.7061,Christian,0.8932
History_4A_Fall_2007_UC_Berkeley_Lecture_29_The_Roman_State_and_the_Christian_Church_20481_chunk_150_1498940599573562_count_0_noise_0_noise_type_White,2,6.4,7.23,weight Christian,0,False,0.2819,0.9359,podcast_lecture,White,weight,Christian,"[{'word_confidence': [['wait', 0.529], ['Christian', 0.479]], 'confidence': 0.51, 'transcript': 'wait Christian ', 'timestamps': [['wait', 0.25, 0.74], ['Christian', 0.77, 1.07]]}]",wait,0.6656,Christian,0.8638
History_4A_Fall_2007_UC_Berkeley_Lecture_29_The_Roman_State_and_the_Christian_Church_20481_chunk_150_1498940599573562_count_0_noise_10_noise_type_White,2,6.4,7.23,weight Christian,10,False,0.2819,0.9359,podcast_lecture,White,weight,Christian,"[{'word_confidence': [['waits', 0.655], ['for', 0.507]], 'confidence': 0.591, 'transcript': 'waits for ', 'timestamps': [['waits', 0.31, 0.68], ['for', 0.68, 0.96]]}]",waits,0.6768,for,0.4676
History_4A_Fall_2007_UC_Berkeley_Lecture_29_The_Roman_State_and_the_Christian_Church_20481_chunk_150_1498940599573562_count_0_noise_5_noise_type_White,2,6.4,7.23,weight Christian,5,False,0.2819,0.9359,podcast_lecture,White,weight,Christian,"[{'word_confidence': [['wait', 0.365], ['Christian', 0.327]], 'confidence': 0.351, 'transcript': 'wait Christian ', 'timestamps': [['wait', 0.25, 0.74], ['Christian', 0.77, 1.07]]}]",wait,0.4714,<eps>,0.6642,Christian,0.5335
History_4A_Fall_2007_UC_Berkeley_Lecture_29_The_Roman_State_and_the_Christian_Church_20481_chunk_150_1498940599573562_count_0_noise_7_noise_type_White,2,6.4,7.23,weight Christian,7,False,0.2819,0.9359,podcast_lecture,White,weight,Christian,"[{'word_confidence': [['waits', 0.595], ['for', 0.255]], 'confidence': 0.454, 'transcript': 'waits for ', 'timestamps': [['waits', 0.31, 0.69], ['for', 0.69, 0.96]]}]",waits,0.5646,for,0.3377
History_4A_Fall_2007_UC_Berkeley_Lecture_29_The_Roman_State_and_the_Christian_Church_20481_chunk_150_1498940599573562_count_0_noise_6_noise_type_White,2,6.4,7.23,weight Christian,6,False,0.2819,0.9359,podcast_lecture,White,weight,Christian,"[{'word_confidence': [['wait', 0.319], ['Christian', 0.177]], 'confidence': 0.26, 'transcript': 'wait Christian ', 'timestamps': [['wait', 0.3, 0.74], ['Christian', 0.77, 1.08]]}]",waits,0.4217
TerenceMckenna-TrueHallucinations04-16_chunk_52_1498940599573562_count_0_noise_-1_noise_type_White,2,13.77,14.95,shrill built,-1,True,0.8859,0.4801,podcast_lecture,White,shrill,built,"[{'word_confidence': [['shrill', 0.545], ['built', 0.275]], 'confidence': 0.467, 'transcript': 'shrill built ', 'timestamps': [['shrill', 0.24, 1.01], ['built', 1.05, 1.36]]}]",shrill,0.9418,built,0.5939
TerenceMckenna-TrueHallucinations04-16_chunk_52_1498940599573562_count_0_noise_0_noise_type_White,2,13.77,14.95,shrill built,0,True,0.8859,0.4801,podcast_lecture,White,shrill,built,"[{'word_confidence': [['shrill', 0.562], ['built', 0.318]], 'confidence': 0.492, 'transcript': 'shrill built ', 'timestamps': [['shrill', 0.24, 1.01], ['built', 1.05, 1.36]]}]",shrill,0.942,built,0.6425
TerenceMckenna-TrueHallucinations04-16_chunk_52_1498940599573562_count_0_noise_10_noise_type_White,2,13.77,14.95,shrill built,10,True,0.8859,0.4801,podcast_lecture,White,shrill,built,"[{'word_confidence': [['shrill', 0.527], ['built', 0.376]], 'confidence': 0.483, 'transcript': 'shrill built ', 'timestamps': [['shrill', 0.24, 1.0], ['built', 1.05, 1.36]]}]",shrill,0.935,built,0.6859
TerenceMckenna-TrueHallucinations04-16_chunk_52_1498940599573562_count_0_noise_20_noise_type_White,2,13.77,14.95,shrill built,20,True,0.8859,0.4801,podcast_lecture,White,shrill,built,"[{'word_confidence': [['shrill', 0.516], ['built', 0.374]], 'confidence': 0.472, 'transcript': 'shrill built ', 'timestamps': [['shrill', 0.24, 0.95], ['built', 1.04, 1.36]]}]",shrill,0.9196,built,0.6635
TerenceMckenna-TrueHallucinations04-16_chunk_52_1498940599573562_count_0_noise_30_noise_type_White,2,13.77,14.95,shrill built,30,True,0.8859,0.4801,podcast_lecture,White,shrill,built,"[{'word_confidence': [['shrill', 0.395], ['filled', 0.223]], 'confidence': 0.338, 'transcript': 'shrill filled ', 'timestamps': [['shrill', 0.24, 0.95], ['filled', 1.01, 1.36]]}]",shrill,0.7169,filled,0.4695
episode_20080108_125846-0800_chunk_157_1498940599573562_count_0_noise_-1_noise_type_White,2,10.6,11.39,learning discrete,-1,True,0.8894,0.4073,podcast_lecture,White,learning,discrete,"[{'word_confidence': [['learning', 0.268], ['to', 0.327], ['read', 0.052]], 'confidence': 0.212, 'transcript': 'learning to read ', 'timestamps': [['learning', 0.31, 0.61], ['to', 0.61, 0.7], ['read', 0.86, 1.03]]}]",learning,0.5365,<eps>,0.3169
episode_20080108_125846-0800_chunk_157_1498940599573562_count_0_noise_0_noise_type_White,2,10.6,11.39,learning discrete,0,True,0.8894,0.4073,podcast_lecture,White,learning,discrete,"[{'word_confidence': [['learning', 0.543], ['to', 0.51], ['street', 0.317]], 'confidence': 0.442, 'transcript': 'learning to street ', 'timestamps': [['learning', 0.31, 0.61], ['to', 0.61, 0.71], ['street', 0.71, 1.01]]}]",learning,0.9199,to,0.7831,street,0.3593
episode_20080108_125846-0800_chunk_157_1498940599573562_count_0_noise_10_noise_type_White,2,10.6,11.39,learning discrete,10,True,0.8894,0.4073,podcast_lecture,White,learning,discrete,"[{'word_confidence': [['learning', 0.322], ['to', 0.348], ['street', 0.363]], 'confidence': 0.343, 'transcript': 'learning to street ', 'timestamps': [['learning', 0.31, 0.61], ['to', 0.61, 0.71], ['street', 0.71, 1.01]]}]",learning,0.765,to,0.6654
episode_20080108_125846-0800_chunk_157_1498940599573562_count_0_noise_12_noise_type_White,2,10.6,11.39,learning discrete,12,True,0.8894,0.4073,podcast_lecture,White,learning,discrete,"[{'word_confidence': [['learning', 0.264], ['to', 0.41], ['street', 0.396]], 'confidence': 0.341, 'transcript': 'learning to street ', 'timestamps': [['learning', 0.31, 0.61], ['to', 0.61, 0.71], ['street', 0.71, 1.0]]}]",learning,0.6022,to,0.5362
episode_20080108_125846-0800_chunk_157_1498940599573562_count_0_noise_14_noise_type_White,2,10.6,11.39,learning discrete,14,True,0.8894,0.4073,podcast_lecture,White,learning,discrete,"[{'word_confidence': [['our', 0.039], ['industry', 0.075]], 'confidence': 0.067, 'transcript': 'our industry ', 'timestamps': [['our', 0.33, 0.47], ['industry', 0.47, 1.0]]}]",learning,0.4304
episode_20080108_125846-0800_chunk_157_1498940599573562_count_0_noise_13_noise_type_White,2,10.6,11.39,learning discrete,13,True,0.8894,0.4073,podcast_lecture,White,learning,discrete,"[{'word_confidence': [['learning', 0.242], ['to', 0.358], ['street', 0.408]], 'confidence': 0.329, 'transcript': 'learning to street ', 'timestamps': [['learning', 0.31, 0.61], ['to', 0.61, 0.71], ['street', 0.71, 1.0]]}]",learning,0.5067,to,0.4225
01Y2k-Palenque1-7CombinedJan161999_chunk_119_1498940599573562_count_0_noise_-1_noise_type_White,2,3.63,5.08,psychedelic implications,-1,True,0.9192,0.4655,podcast_lecture,White,psychedelic,implications,"[{'word_confidence': [['psychedelic', 0.99], ['implications', 0.095]], 'confidence': 0.504, 'transcript': 'psychedelic implications ', 'timestamps': [['psychedelic', 0.25, 0.88], ['implications', 0.91, 1.66]]}]",psychedelic,1.0,<eps>,0.8554,implications,0.4691
01Y2k-Palenque1-7CombinedJan161999_chunk_119_1498940599573562_count_0_noise_0_noise_type_White,2,3.63,5.08,psychedelic implications,0,True,0.9192,0.4655,podcast_lecture,White,psychedelic,implications,"[{'word_confidence': [['psychedelic', 0.991], ['implications', 0.093]], 'confidence': 0.503, 'transcript': 'psychedelic implications ', 'timestamps': [['psychedelic', 0.25, 0.88], ['implications', 0.91, 1.66]]}]",psychedelic,1.0,<eps>,0.8432,implications,0.4057
01Y2k-Palenque1-7CombinedJan161999_chunk_119_1498940599573562_count_0_noise_10_noise_type_White,2,3.63,5.08,psychedelic implications,10,True,0.9192,0.4655,podcast_lecture,White,psychedelic,implications,"[{'word_confidence': [['psychedelic', 1.0], ['him', 0.371]], 'confidence': 0.859, 'transcript': 'psychedelic him ', 'timestamps': [['psychedelic', 0.25, 0.87], ['him', 0.87, 1.05]]}]",psychedelic,0.9989,him,0.5202
01Y2k-Palenque1-7CombinedJan161999_chunk_119_1498940599573562_count_0_noise_20_noise_type_White,2,3.63,5.08,psychedelic implications,20,True,0.9192,0.4655,podcast_lecture,White,psychedelic,implications,"[{'word_confidence': [['psychedelic', 0.873]], 'confidence': 0.873, 'transcript': 'psychedelic ', 'timestamps': [['psychedelic', 0.25, 0.91]]}]",psychedelic,0.976
01Y2k-Palenque1-7CombinedJan161999_chunk_119_1498940599573562_count_0_noise_22_noise_type_White,2,3.63,5.08,psychedelic implications,22,True,0.9192,0.4655,podcast_lecture,White,psychedelic,implications,"[{'word_confidence': [['psychedelic', 0.548]], 'confidence': 0.548, 'transcript': 'psychedelic ', 'timestamps': [['psychedelic', 0.25, 0.91]]}]",psychedelic,0.9342
01Y2k-Palenque1-7CombinedJan161999_chunk_119_1498940599573562_count_0_noise_24_noise_type_White,2,3.63,5.08,psychedelic implications,24,True,0.9192,0.4655,podcast_lecture,White,psychedelic,implications,"[{'word_confidence': [['psychedelic', 0.189]], 'confidence': 0.189, 'transcript': 'psychedelic ', 'timestamps': [['psychedelic', 0.25, 0.91]]}]",psychedelic,0.6639
BeyondPsychology_chunk_66_1498940599573562_count_0_noise_-1_noise_type_White,2,6.29,7.46,holographic Piper,-1,True,0.9365,0.2467,podcast_lecture,White,holographic,Piper,"[{'word_confidence': [['a', 0.541], ['holographic', 0.971], ['type', 0.254]], 'confidence': 0.78, 'transcript': 'a holographic type ', 'timestamps': [['a', 0.24, 0.27], ['holographic', 0.27, 1.08], ['type', 1.08, 1.36]]}]",a,0.6329,holographic,0.9918,type,0.5922
BeyondPsychology_chunk_66_1498940599573562_count_0_noise_0_noise_type_White,2,6.29,7.46,holographic Piper,0,True,0.9365,0.2467,podcast_lecture,White,holographic,Piper,"[{'word_confidence': [['a', 0.546], ['holographic', 0.976], ['type', 0.44]], 'confidence': 0.827, 'transcript': 'a holographic type ', 'timestamps': [['a', 0.23, 0.27], ['holographic', 0.27, 1.07], ['type', 1.07, 1.35]]}]",a,0.6499,holographic,0.999,type,0.79
BeyondPsychology_chunk_66_1498940599573562_count_0_noise_10_noise_type_White,2,6.29,7.46,holographic Piper,10,True,0.9365,0.2467,podcast_lecture,White,holographic,Piper,"[{'word_confidence': [['a', 0.456], ['holographic', 0.831], ['type', 0.523]], 'confidence': 0.735, 'transcript': 'a holographic type ', 'timestamps': [['a', 0.23, 0.28], ['holographic', 0.28, 1.06], ['type', 1.06, 1.35]]}]",a,0.6276,holographic,0.9855,type,0.8855
BeyondPsychology_chunk_66_1498940599573562_count_0_noise_20_noise_type_White,2,6.29,7.46,holographic Piper,20,True,0.9365,0.2467,podcast_lecture,White,holographic,Piper,"[{'word_confidence': [['photographic', 0.093], ['type', 0.339]], 'confidence': 0.157, 'transcript': 'photographic type ', 'timestamps': [['photographic', 0.24, 1.06], ['type', 1.06, 1.35]]}]",photographic,0.5399,type,0.6074
BeyondPsychology_chunk_66_1498940599573562_count_0_noise_15_noise_type_White,2,6.29,7.46,holographic Piper,15,True,0.9365,0.2467,podcast_lecture,White,holographic,Piper,"[{'word_confidence': [['holographic', 0.484], ['type', 0.356]], 'confidence': 0.449, 'transcript': 'holographic type ', 'timestamps': [['holographic', 0.3, 1.06], ['type', 1.06, 1.35]]}]",holographic,0.8756,type,0.8681
BeyondPsychology_chunk_66_1498940599573562_count_0_noise_17_noise_type_White,2,6.29,7.46,holographic Piper,17,True,0.9365,0.2467,podcast_lecture,White,holographic,Piper,"[{'word_confidence': [['holographic', 0.165], ['type', 0.485]], 'confidence': 0.253, 'transcript': 'holographic type ', 'timestamps': [['holographic', 0.3, 1.06], ['type', 1.06, 1.35]]}]",holographic,0.5723,type,0.7865
BeyondPsychology_chunk_66_1498940599573562_count_0_noise_19_noise_type_White,2,6.29,7.46,holographic Piper,19,True,0.9365,0.2467,podcast_lecture,White,holographic,Piper,"[{'word_confidence': [['photographic', 0.091], ['type', 0.327]], 'confidence': 0.153, 'transcript': 'photographic type ', 'timestamps': [['photographic', 0.24, 1.06], ['type', 1.06, 1.35]]}]",photographic,0.4965,type,0.638
BeyondPsychology_chunk_66_1498940599573562_count_0_noise_18_noise_type_White,2,6.29,7.46,holographic Piper,18,True,0.9365,0.2467,podcast_lecture,White,holographic,Piper,"[{'word_confidence': [['holographic', 0.088], ['type', 0.43]], 'confidence': 0.182, 'transcript': 'holographic type ', 'timestamps': [['holographic', 0.3, 1.06], ['type', 1.06, 1.35]]}]",photographic,0.4451,type,0.7155
BeyondPsychology_chunk_66_1498940599573562_count_1_noise_-1_noise_type_White,2,12.93,13.66,world enough,-1,True,0.9203,0.4213,podcast_lecture,White,world,enough,"[{'word_confidence': [['the', 0.583], ['world', 0.98], ['and', 0.176]], 'confidence': 0.835, 'transcript': 'the world and ', 'timestamps': [['the', 0.22, 0.29], ['world', 0.29, 0.87], ['and', 0.87, 0.97]]}]",the,0.7633,world,0.9481,and,0.401
BeyondPsychology_chunk_66_1498940599573562_count_1_noise_0_noise_type_White,2,12.93,13.66,world enough,0,True,0.9203,0.4213,podcast_lecture,White,world,enough,"[{'word_confidence': [['the', 0.594], ['world', 0.96], ['and', 0.087]], 'confidence': 0.811, 'transcript': 'the world and ', 'timestamps': [['the', 0.21, 0.28], ['world', 0.28, 0.87], ['and', 0.87, 0.97]]}]",the,0.7914,world,0.9535
BeyondPsychology_chunk_66_1498940599573562_count_1_noise_10_noise_type_White,2,12.93,13.66,world enough,10,True,0.9203,0.4213,podcast_lecture,White,world,enough,"[{'word_confidence': [['the', 0.752], ['world', 0.97], ['and', 0.084]], 'confidence': 0.818, 'transcript': 'the world and ', 'timestamps': [['the', 0.2, 0.29], ['world', 0.29, 0.86], ['and', 0.86, 0.97]]}]",the,0.958,world,0.9286
BeyondPsychology_chunk_66_1498940599573562_count_1_noise_20_noise_type_White,2,12.93,13.66,world enough,20,True,0.9203,0.4213,podcast_lecture,White,world,enough,"[{'word_confidence': [['world', 0.928]], 'confidence': 0.928, 'transcript': 'world ', 'timestamps': [['world', 0.24, 0.85]]}]",world,0.8296
BeyondPsychology_chunk_66_1498940599573562_count_1_noise_25_noise_type_White,2,12.93,13.66,world enough,25,True,0.9203,0.4213,podcast_lecture,White,world,enough,"[{'word_confidence': [['world', 0.931]], 'confidence': 0.931, 'transcript': 'world ', 'timestamps': [['world', 0.26, 0.85]]}]",world,0.7515
BeyondPsychology_chunk_66_1498940599573562_count_1_noise_27_noise_type_White,2,12.93,13.66,world enough,27,True,0.9203,0.4213,podcast_lecture,White,world,enough,"[{'word_confidence': [['world', 0.949]], 'confidence': 0.949, 'transcript': 'world ', 'timestamps': [['world', 0.29, 0.85]]}]",world,0.7074
BeyondPsychology_chunk_66_1498940599573562_count_1_noise_28_noise_type_White,2,12.93,13.66,world enough,28,True,0.9203,0.4213,podcast_lecture,White,world,enough,"[{'word_confidence': [['world', 0.945]], 'confidence': 0.945, 'transcript': 'world ', 'timestamps': [['world', 0.29, 0.85]]}]",world,0.6986
