History_4A_Fall_2007_UC_Berkeley_Lecture_05_New_Kingdom_Egypt_State_and_Society_c._1500-1000_BC_20457_chunk_96_1499227381638939_count_0_noise_-1_noise_type_White,4,many people have heard of acting on,-1,"{'length': 4, 'confidence': 0.9737, 'end_time': 17.13, 'start_time': 16.98, 'word': 'many'}; {'length': 6, 'confidence': 1.0, 'end_time': 17.38, 'start_time': 17.13, 'word': 'people'}; {'length': 4, 'confidence': 0.5728, 'end_time': 17.5, 'start_time': 17.38, 'word': 'have'}; {'length': 5, 'confidence': 0.9875, 'end_time': 17.73, 'start_time': 17.5, 'word': 'heard'}; {'length': 2, 'confidence': 0.9969, 'end_time': 17.83, 'start_time': 17.73, 'word': 'of'}; {'length': 6, 'confidence': 0.2925, 'end_time': 18.16, 'start_time': 17.83, 'word': 'acting'}; {'length': 2, 'confidence': 0.6728, 'end_time': 18.39, 'start_time': 18.16, 'word': 'on'}",podcast_lecture,White,"[{'timestamps': [['I', 0.23, 0.26], ['mean', 0.26, 0.41], ['people', 0.41, 0.65], ['have', 0.65, 0.77], ['heard', 0.77, 1.0], ['of', 1.0, 1.13], ['our', 1.13, 1.3]], 'word_confidence': [['I', 0.575], ['mean', 0.354], ['people', 0.982], ['have', 0.308], ['heard', 1.0], ['of', 0.836], ['our', 0.032]], 'confidence': 0.642, 'transcript': 'I mean people have heard of our '}]",many,I,0.9587,mean,0.9343,people,0.985,had,0.4775,heard,0.9701,of,0.9856,acting,0.5272
History_4A_Fall_2007_UC_Berkeley_Lecture_22_Violence_and_Civil_War_The_Fall_of_the_Roman_Republic_20474_chunk_146_1499227381638939_count_0_noise_-1_noise_type_White,4,us into professor first the Roman Empire,-1,"{'length': 2, 'confidence': 1.0, 'end_time': 16.94, 'start_time': 16.81, 'word': 'us'}; {'length': 4, 'confidence': 1.0, 'end_time': 17.42, 'start_time': 16.94, 'word': 'into'}; {'length': 9, 'confidence': 1.0, 'end_time': 17.85, 'start_time': 17.42, 'word': 'professor'}; {'length': 5, 'confidence': 0.3463, 'end_time': 18.48, 'start_time': 18.1, 'word': 'first'}; {'length': 3, 'confidence': 0.7109, 'end_time': 18.55, 'start_time': 18.48, 'word': 'the'}; {'length': 5, 'confidence': 0.8591, 'end_time': 18.78, 'start_time': 18.55, 'word': 'Roman'}; {'length': 6, 'confidence': 0.9756, 'end_time': 19.3, 'start_time': 18.78, 'word': 'Empire'}",podcast_lecture,White,"[{'timestamps': [['this', 0.19, 0.38], ['institute', 0.38, 0.91], ['professor', 0.91, 1.29], ['Pafford', 1.29, 1.83], ['the', 1.9, 1.99], ['Roman', 1.99, 2.22], ['Empire', 2.22, 2.7]], 'word_confidence': [['this', 0.535], ['institute', 0.038], ['professor', 1.0], ['Pafford', 0.514], ['the', 0.862], ['Roman', 0.981], ['Empire', 0.988]], 'confidence': 0.638, 'transcript': 'this institute professor Pafford the Roman Empire '}]",into,this,0.9248,in,0.715,few,0.6864,professor,0.8912,Pafford,0.7963,the,0.8693,Roman,0.9848,Empire,0.9907
History_4A_Fall_2007_UC_Berkeley_Lecture_27_State_and_Society_in_the_High_Roman_Empire_20479_chunk_112_1499227381638939_count_0_noise_0_noise_type_White,4,perimeter was reinforced by these artificial delineation,0,"{'length': 9, 'confidence': 0.7673, 'end_time': 19.23, 'start_time': 18.73, 'word': 'perimeter'}; {'length': 3, 'confidence': 0.6946, 'end_time': 19.42, 'start_time': 19.23, 'word': 'was'}; {'length': 10, 'confidence': 0.8631, 'end_time': 20.22, 'start_time': 19.42, 'word': 'reinforced'}; {'length': 2, 'confidence': 0.8944, 'end_time': 20.85, 'start_time': 20.46, 'word': 'by'}; {'length': 5, 'confidence': 0.4579, 'end_time': 21.11, 'start_time': 20.88, 'word': 'these'}; {'length': 10, 'confidence': 0.7874, 'end_time': 21.77, 'start_time': 21.15, 'word': 'artificial'}; {'length': 11, 'confidence': 0.664, 'end_time': 22.58, 'start_time': 21.77, 'word': 'delineation'}",podcast_lecture,White,"[{'timestamps': [['for', 0.32, 0.43], ['him', 0.43, 0.6], ['it', 0.6, 0.76], ['was', 0.76, 0.9], ['reinforced', 0.99, 1.67], ['by', 1.99, 2.36], ['the', 2.4, 2.56], ['artificial', 2.67, 3.29], ['going', 3.29, 3.87]], 'word_confidence': [['for', 0.744], ['him', 0.467], ['it', 0.677], ['was', 0.874], ['reinforced', 0.999], ['by', 1.0], ['the', 0.244], ['artificial', 0.993], ['going', 0.291]], 'confidence': 0.757, 'transcript': 'for him it was reinforced by the artificial going '}]",perimeter,for,0.8082,him,0.7767,it,0.7909,was,0.9637,reinforced,0.9611,by,0.9912,the,0.5939,artificial,0.9765,going,0.5141
TerenceMckenna-TrueHallucinations04-16_chunk_20_1499227381638939_count_0_noise_-1_noise_type_White,4,grabbed Ron the rest and that sort,-1,"{'length': 7, 'confidence': 0.8801, 'end_time': 22.25, 'start_time': 21.61, 'word': 'grabbed'}; {'length': 3, 'confidence': 0.3886, 'end_time': 22.61, 'start_time': 22.25, 'word': 'Ron'}; {'length': 3, 'confidence': 0.6599, 'end_time': 22.89, 'start_time': 22.77, 'word': 'the'}; {'length': 4, 'confidence': 0.7235, 'end_time': 23.26, 'start_time': 22.89, 'word': 'rest'}; {'length': 3, 'confidence': 0.6343, 'end_time': 23.42, 'start_time': 23.26, 'word': 'and'}; {'length': 4, 'confidence': 0.4635, 'end_time': 23.69, 'start_time': 23.56, 'word': 'that'}; {'length': 4, 'confidence': 0.8087, 'end_time': 24.2, 'start_time': 23.69, 'word': 'sort'}",podcast_lecture,White,"[{'timestamps': [['grabbed', 0.29, 0.89], ['round', 0.89, 1.41], ['the', 1.41, 1.54], ['rest', 1.54, 1.9], ['and', 1.9, 2.1], ['that', 2.2, 2.33], ['sort', 2.33, 2.77]], 'word_confidence': [['grabbed', 0.288], ['round', 0.221], ['the', 0.979], ['rest', 0.773], ['and', 0.415], ['that', 0.171], ['sort', 0.833]], 'confidence': 0.49, 'transcript': 'grabbed round the rest and that sort '}]",grabbed,grab,0.5802,the,0.5349,round,0.33,the,0.9319,rest,0.9118,and,0.7323,<eps>,0.6039,that,0.6026,sort,0.8365
History_4A_Fall_2007_UC_Berkeley_Lecture_05_New_Kingdom_Egypt_State_and_Society_c._1500-1000_BC_20457_chunk_25_1499227381638939_count_0_noise_-1_noise_type_White,4,that shaping me serves hot dogs in,-1,"{'length': 4, 'confidence': 1.0, 'end_time': 19.53, 'start_time': 19.38, 'word': 'that'}; {'length': 7, 'confidence': 0.4453, 'end_time': 19.98, 'start_time': 19.53, 'word': 'shaping'}; {'length': 2, 'confidence': 0.3846, 'end_time': 20.14, 'start_time': 19.98, 'word': 'me'}; {'length': 6, 'confidence': 0.527, 'end_time': 20.56, 'start_time': 20.14, 'word': 'serves'}; {'length': 3, 'confidence': 0.8381, 'end_time': 20.82, 'start_time': 20.56, 'word': 'hot'}; {'length': 4, 'confidence': 0.7999, 'end_time': 21.21, 'start_time': 20.82, 'word': 'dogs'}; {'length': 2, 'confidence': 0.9593, 'end_time': 21.36, 'start_time': 21.21, 'word': 'in'}",podcast_lecture,White,"[{'timestamps': [['that', 0.22, 0.4], ['shaping', 0.4, 0.84], ['the', 0.84, 1.02], ['Serbs', 1.02, 1.43], ['hot', 1.43, 1.69], ['dogs', 1.69, 2.08]], 'word_confidence': [['that', 0.136], ['shaping', 0.737], ['the', 0.326], ['Serbs', 0.253], ['hot', 0.809], ['dogs', 0.743]], 'confidence': 0.544, 'transcript': 'that shaping the Serbs hot dogs '}]",that,that,0.386,shaping,0.7855,the,0.6837,hot,0.8098,dogs,0.7164
History_4A_Fall_2007_UC_Berkeley_Lecture_31_Twilight_in_the_West_20483_chunk_7_1499227381638939_count_0_noise_-1_noise_type_White,4,occurs between the neo Babylonian Annie came,-1,"{'length': 6, 'confidence': 0.9922, 'end_time': 2.12, 'start_time': 1.48, 'word': 'occurs'}; {'length': 7, 'confidence': 0.9929, 'end_time': 2.73, 'start_time': 2.12, 'word': 'between'}; {'length': 3, 'confidence': 0.8236, 'end_time': 2.8, 'start_time': 2.73, 'word': 'the'}; {'length': 3, 'confidence': 0.993, 'end_time': 3.11, 'start_time': 2.8, 'word': 'neo'}; {'length': 10, 'confidence': 0.993, 'end_time': 4.01, 'start_time': 3.11, 'word': 'Babylonian'}; {'length': 5, 'confidence': 0.3977, 'end_time': 4.6, 'start_time': 4.27, 'word': 'Annie'}; {'length': 4, 'confidence': 0.9494, 'end_time': 4.95, 'start_time': 4.6, 'word': 'came'}",podcast_lecture,White,"[{'timestamps': [['occurs', 0.25, 0.89], ['between', 0.89, 1.5], ['the', 1.5, 1.57], ['neo', 1.57, 1.88], ['Babylonian', 1.88, 2.78], ['Annie', 3.04, 3.37], ['came', 3.37, 3.71]], 'word_confidence': [['occurs', 0.082], ['between', 0.993], ['the', 0.661], ['neo', 0.967], ['Babylonian', 1.0], ['Annie', 0.557], ['came', 0.978]], 'confidence': 0.757, 'transcript': 'occurs between the neo Babylonian Annie came '}]",occurs,curse,0.5428,between,0.8942,the,0.746,neo,0.9231,Babylonian,0.9743,Annie,0.3759,came,0.9914
TerenceMckenna-TrueHallucinations07-16_chunk_52_1499227381638939_count_1_noise_18_noise_type_White,4,approaching break through it says to me,18,"{'length': 11, 'confidence': 0.9998, 'end_time': 3.23, 'start_time': 2.6, 'word': 'approaching'}; {'length': 5, 'confidence': 0.4459, 'end_time': 3.64, 'start_time': 3.23, 'word': 'break'}; {'length': 7, 'confidence': 0.7783, 'end_time': 4.21, 'start_time': 3.64, 'word': 'through'}; {'length': 2, 'confidence': 0.8748, 'end_time': 4.55, 'start_time': 4.41, 'word': 'it'}; {'length': 4, 'confidence': 0.9591, 'end_time': 4.97, 'start_time': 4.55, 'word': 'says'}; {'length': 2, 'confidence': 0.9827, 'end_time': 5.09, 'start_time': 4.97, 'word': 'to'}; {'length': 2, 'confidence': 0.9819, 'end_time': 5.36, 'start_time': 5.09, 'word': 'me'}",podcast_lecture,White,"[{'timestamps': [['approaching', 0.32, 0.89], ['break', 0.89, 1.32], ['through', 1.32, 1.82], ['it', 2.06, 2.23], ['says', 2.23, 2.63], ['to', 2.63, 2.74], ['me', 2.74, 2.98]], 'word_confidence': [['approaching', 0.521], ['break', 0.398], ['through', 0.813], ['it', 0.443], ['says', 0.909], ['to', 1.0], ['me', 0.985]], 'confidence': 0.686, 'transcript': 'approaching break through it says to me '}]",through,approaching,0.644,it,0.7146,says,0.9185,to,0.9551,me,0.9845
OpenDoors_chunk_131_1499227381638939_count_0_noise_12_noise_type_White,4,transforming machine now that seem to do,12,"{'length': 12, 'confidence': 0.9998, 'end_time': 3.88, 'start_time': 2.92, 'word': 'transforming'}; {'length': 7, 'confidence': 0.9934, 'end_time': 4.55, 'start_time': 3.88, 'word': 'machine'}; {'length': 3, 'confidence': 0.746, 'end_time': 5.09, 'start_time': 4.55, 'word': 'now'}; {'length': 4, 'confidence': 0.8164, 'end_time': 5.46, 'start_time': 5.29, 'word': 'that'}; {'length': 4, 'confidence': 0.4443, 'end_time': 5.84, 'start_time': 5.46, 'word': 'seem'}; {'length': 2, 'confidence': 0.7862, 'end_time': 5.95, 'start_time': 5.84, 'word': 'to'}; {'length': 2, 'confidence': 0.9267, 'end_time': 6.13, 'start_time': 5.95, 'word': 'do'}",podcast_lecture,White,"[{'timestamps': [['transforming', 0.28, 1.22], ['machine', 1.22, 1.88], ['now', 1.88, 2.42], ['the', 2.62, 2.71], ['thing', 2.71, 3.14], ['to', 3.14, 3.28], ['do', 3.28, 3.44]], 'word_confidence': [['transforming', 1.0], ['machine', 1.0], ['now', 0.725], ['the', 0.116], ['thing', 0.342], ['to', 0.953], ['do', 0.672]], 'confidence': 0.807, 'transcript': 'transforming machine now the thing to do '}]",that,transforming,1.0,machine,0.9978,now,0.9009,<eps>,0.8263,that,0.4467,thing,0.519,to,0.6166,do,0.4846
episode_20080513_161328-0700_chunk_114_1499227381638939_count_0_noise_-1_noise_type_White,4,attractive female reaches its instant and were,-1,"{'length': 10, 'confidence': 0.9952, 'end_time': 21.83, 'start_time': 21.4, 'word': 'attractive'}; {'length': 6, 'confidence': 0.9952, 'end_time': 22.2, 'start_time': 21.83, 'word': 'female'}; {'length': 7, 'confidence': 0.888, 'end_time': 22.58, 'start_time': 22.2, 'word': 'reaches'}; {'length': 3, 'confidence': 0.3125, 'end_time': 22.73, 'start_time': 22.58, 'word': 'its'}; {'length': 7, 'confidence': 0.3763, 'end_time': 23.18, 'start_time': 22.73, 'word': 'instant'}; {'length': 3, 'confidence': 1.0, 'end_time': 24.03, 'start_time': 23.53, 'word': 'and'}; {'length': 4, 'confidence': 0.8913, 'end_time': 24.16, 'start_time': 24.03, 'word': 'were'}",podcast_lecture,White,"[{'timestamps': [['if', 0.19, 0.32], ['tractor', 0.32, 0.66], ['female', 0.66, 1.05], ['reaches', 1.05, 1.39], ['such', 1.39, 1.6], ['a', 1.6, 1.69], ['stent', 1.69, 2.03], ['and', 2.38, 2.88], ['were', 2.88, 3.03]], 'word_confidence': [['if', 0.286], ['tractor', 0.31], ['female', 0.955], ['reaches', 0.248], ['such', 0.664], ['a', 0.757], ['stent', 0.098], ['and', 1.0], ['were', 0.342]], 'confidence': 0.559, 'transcript': 'if tractor female reaches such a stent and were '}]",attractive,tractor,0.3483,female,0.9891,reaches,0.4503,such,0.6052,a,0.7797,and,0.8167,were,0.5805
DennisMcKenna5_chunk_19_1499227381638939_count_1_noise_-1_noise_type_White,4,inspecting maybe one read only held off,-1,"{'length': 10, 'confidence': 0.9015, 'end_time': 4.56, 'start_time': 3.79, 'word': 'inspecting'}; {'length': 5, 'confidence': 0.8745, 'end_time': 4.83, 'start_time': 4.56, 'word': 'maybe'}; {'length': 3, 'confidence': 0.5559, 'end_time': 5.01, 'start_time': 4.83, 'word': 'one'}; {'length': 4, 'confidence': 0.4178, 'end_time': 5.2, 'start_time': 5.01, 'word': 'read'}; {'length': 4, 'confidence': 0.3752, 'end_time': 5.51, 'start_time': 5.3, 'word': 'only'}; {'length': 4, 'confidence': 0.6232, 'end_time': 5.74, 'start_time': 5.51, 'word': 'held'}; {'length': 3, 'confidence': 0.5348, 'end_time': 5.91, 'start_time': 5.74, 'word': 'off'}",podcast_lecture,White,"[{'timestamps': [['insect', 0.31, 0.82], ['thing', 0.82, 1.02], ['maybe', 1.02, 1.29], ['wanna', 1.29, 1.53], ['read', 1.53, 1.76], ['only', 1.76, 1.97], ['held', 1.97, 2.2], ['off', 2.2, 2.35]], 'word_confidence': [['insect', 0.149], ['thing', 0.707], ['maybe', 0.688], ['wanna', 0.183], ['read', 0.471], ['only', 0.779], ['held', 0.623], ['off', 0.361]], 'confidence': 0.449, 'transcript': 'insect thing maybe wanna read only held off '}]",inspecting,insect,0.3984,thing,0.7632,maybe,0.9221,wanna,0.5303,read,0.7854,only,0.868,held,0.6811,off,0.455
DennisMcKenna5_chunk_19_1499227381638939_count_2_noise_0_noise_type_White,4,only held off lady that I signed,0,"{'length': 4, 'confidence': 0.3752, 'end_time': 5.51, 'start_time': 5.3, 'word': 'only'}; {'length': 4, 'confidence': 0.6232, 'end_time': 5.74, 'start_time': 5.51, 'word': 'held'}; {'length': 3, 'confidence': 0.5348, 'end_time': 5.91, 'start_time': 5.74, 'word': 'off'}; {'length': 4, 'confidence': 0.4528, 'end_time': 6.22, 'start_time': 6.05, 'word': 'lady'}; {'length': 4, 'confidence': 0.8192, 'end_time': 6.38, 'start_time': 6.22, 'word': 'that'}; {'length': 1, 'confidence': 0.8612, 'end_time': 6.5, 'start_time': 6.38, 'word': 'I'}; {'length': 6, 'confidence': 0.8858, 'end_time': 6.87, 'start_time': 6.5, 'word': 'signed'}",podcast_lecture,White,"[{'timestamps': [['I', 0.23, 0.27], ['only', 0.27, 0.46], ['know', 0.46, 0.61], ['nothing', 0.61, 0.94], ['really', 0.99, 1.17], ['that', 1.17, 1.33], ['I', 1.33, 1.45], ['signed', 1.45, 1.8]], 'word_confidence': [['I', 0.23], ['only', 0.245], ['know', 0.398], ['nothing', 0.152], ['really', 0.199], ['that', 0.644], ['I', 0.621], ['signed', 0.283]], 'confidence': 0.314, 'transcript': 'I only know nothing really that I signed '}]",signed,only,0.3255,know,0.7307,nothing,0.5312,that,0.7511,I,0.5096,signed,0.4366
History_4A_Fall_2007_UC_Berkeley_Lecture_27_State_and_Society_in_the_High_Roman_Empire_20479_chunk_80_1499227381638939_count_1_noise_-1_noise_type_White,4,organization have formal clarification with elected officials,-1,"{'length': 12, 'confidence': 0.6607, 'end_time': 20.66, 'start_time': 19.98, 'word': 'organization'}; {'length': 4, 'confidence': 0.8521, 'end_time': 20.93, 'start_time': 20.66, 'word': 'have'}; {'length': 6, 'confidence': 0.8794, 'end_time': 21.38, 'start_time': 21.05, 'word': 'formal'}; {'length': 13, 'confidence': 0.4101, 'end_time': 22.23, 'start_time': 21.38, 'word': 'clarification'}; {'length': 4, 'confidence': 0.9146, 'end_time': 22.5, 'start_time': 22.29, 'word': 'with'}; {'length': 7, 'confidence': 0.9662, 'end_time': 23.01, 'start_time': 22.5, 'word': 'elected'}; {'length': 9, 'confidence': 0.934, 'end_time': 23.5, 'start_time': 23.01, 'word': 'officials'}",podcast_lecture,White,"[{'timestamps': [['or', 0.27, 0.38], ['anything', 0.38, 0.72], ['for', 0.72, 0.93], ['her', 0.93, 1.18], ['formal', 1.32, 1.64], ['clarification', 1.64, 2.5], ['with', 2.56, 2.77], ['elected', 2.77, 3.28], ['officials', 3.28, 3.71]], 'word_confidence': [['or', 0.283], ['anything', 0.188], ['for', 0.386], ['her', 0.288], ['formal', 0.907], ['clarification', 0.018], ['with', 1.0], ['elected', 1.0], ['officials', 0.614]], 'confidence': 0.475, 'transcript': 'or anything for her formal clarification with elected officials '}]",have,or,0.5574,anything,0.4297,for,0.5194,formal,0.7201,with,0.6159,elected,0.8519,officials,0.7274
TerenceMckenna-TrueHallucinations15-16_chunk_4_1499227381638939_count_0_noise_-1_noise_type_White,4,one but born on the steel air,-1,"{'length': 3, 'confidence': 0.8743, 'end_time': 10.48, 'start_time': 10.06, 'word': 'one'}; {'length': 3, 'confidence': 0.9174, 'end_time': 10.7, 'start_time': 10.53, 'word': 'but'}; {'length': 4, 'confidence': 0.4744, 'end_time': 11.24, 'start_time': 10.7, 'word': 'born'}; {'length': 2, 'confidence': 0.9526, 'end_time': 11.38, 'start_time': 11.24, 'word': 'on'}; {'length': 3, 'confidence': 0.9816, 'end_time': 11.47, 'start_time': 11.38, 'word': 'the'}; {'length': 5, 'confidence': 0.7679, 'end_time': 12.01, 'start_time': 11.47, 'word': 'steel'}; {'length': 3, 'confidence': 0.5666, 'end_time': 12.37, 'start_time': 12.01, 'word': 'air'}",podcast_lecture,White,"[{'timestamps': [['one', 0.27, 0.61], ['but', 0.72, 0.89], ['born', 0.89, 1.43], ['on', 1.43, 1.57], ['the', 1.57, 1.66], ['still', 1.66, 2.2], ['air', 2.2, 2.58]], 'word_confidence': [['one', 0.995], ['but', 0.755], ['born', 0.625], ['on', 1.0], ['the', 1.0], ['still', 0.371], ['air', 0.298]], 'confidence': 0.613, 'transcript': 'one but born on the still air '}]",steel,one,0.9984,but,0.859,born,0.8128,on,0.9615,the,0.9836,still,0.8011,air,0.8024
TerenceMckenna-TrueHallucinations15-16_chunk_62_1499227381638939_count_0_noise_-1_noise_type_White,4,vibrates with here at the unconscious and,-1,"{'length': 8, 'confidence': 0.5682, 'end_time': 15.57, 'start_time': 14.76, 'word': 'vibrates'}; {'length': 4, 'confidence': 0.7174, 'end_time': 15.73, 'start_time': 15.57, 'word': 'with'}; {'length': 4, 'confidence': 0.3511, 'end_time': 16.24, 'start_time': 15.94, 'word': 'here'}; {'length': 2, 'confidence': 0.8382, 'end_time': 16.37, 'start_time': 16.24, 'word': 'at'}; {'length': 3, 'confidence': 0.9206, 'end_time': 16.49, 'start_time': 16.37, 'word': 'the'}; {'length': 11, 'confidence': 0.934, 'end_time': 17.46, 'start_time': 16.49, 'word': 'unconscious'}; {'length': 3, 'confidence': 0.9885, 'end_time': 17.67, 'start_time': 17.46, 'word': 'and'}",podcast_lecture,White,"[{'timestamps': [['my', 0.26, 0.49], ['very', 0.49, 0.83], ['sweet', 0.9, 1.21], ['here', 1.44, 1.73], ['at', 1.73, 1.85], ['the', 1.85, 1.98], ['unconscious', 1.98, 2.95], ['and', 2.95, 3.14]], 'word_confidence': [['my', 0.4], ['very', 0.555], ['sweet', 0.45], ['here', 0.355], ['at', 0.583], ['the', 0.963], ['unconscious', 0.862], ['and', 0.28]], 'confidence': 0.623, 'transcript': 'my very sweet here at the unconscious and '}]",with,my,0.8821,very,0.8744,sweet,0.803,here,0.4415,at,0.6774,the,0.9601,unconscious,0.9082,and,0.7599
TerenceMckenna-TrueHallucinations05-16_chunk_11_1499227381638939_count_0_noise_-1_noise_type_White,4,telescoping side orbit to a point where,-1,"{'length': 11, 'confidence': 0.9218, 'end_time': 10.29, 'start_time': 9.45, 'word': 'telescoping'}; {'length': 4, 'confidence': 0.4297, 'end_time': 10.91, 'start_time': 10.62, 'word': 'side'}; {'length': 5, 'confidence': 0.7913, 'end_time': 11.74, 'start_time': 11.33, 'word': 'orbit'}; {'length': 2, 'confidence': 0.9015, 'end_time': 11.93, 'start_time': 11.81, 'word': 'to'}; {'length': 1, 'confidence': 0.8534, 'end_time': 11.99, 'start_time': 11.93, 'word': 'a'}; {'length': 5, 'confidence': 0.8601, 'end_time': 12.43, 'start_time': 11.99, 'word': 'point'}; {'length': 5, 'confidence': 0.8676, 'end_time': 12.54, 'start_time': 12.43, 'word': 'where'}",podcast_lecture,White,"[{'timestamps': [['pros', 0.23, 0.62], ['openly', 0.7, 1.31], ['side', 1.42, 1.7], ['went', 1.7, 1.92], ['from', 1.92, 2.14], ['orbit', 2.14, 2.54], ['your', 2.61, 2.78], ['point', 2.78, 3.2]], 'word_confidence': [['pros', 0.14], ['openly', 0.185], ['side', 0.542], ['went', 0.128], ['from', 0.465], ['orbit', 0.952], ['your', 0.17], ['point', 0.565]], 'confidence': 0.405, 'transcript': 'pros openly side went from orbit your point '}]",telescoping,pros,0.3766,from,0.7574,orbit,0.8253,your,0.3872,appoint,0.4716
History_4A_Fall_2007_UC_Berkeley_Lecture_28_Crisis_and_Recovery_AD_161-337_20480_chunk_41_1499227381638939_count_0_noise_8_noise_type_White,4,was captured by the fast king shop,8,"{'length': 3, 'confidence': 0.9844, 'end_time': 9.76, 'start_time': 9.6, 'word': 'was'}; {'length': 8, 'confidence': 0.987, 'end_time': 10.2, 'start_time': 9.76, 'word': 'captured'}; {'length': 2, 'confidence': 0.9916, 'end_time': 10.32, 'start_time': 10.2, 'word': 'by'}; {'length': 3, 'confidence': 1.0, 'end_time': 10.42, 'start_time': 10.32, 'word': 'the'}; {'length': 4, 'confidence': 0.2794, 'end_time': 10.77, 'start_time': 10.42, 'word': 'fast'}; {'length': 4, 'confidence': 0.7114, 'end_time': 11.14, 'start_time': 10.92, 'word': 'king'}; {'length': 4, 'confidence': 0.7465, 'end_time': 11.46, 'start_time': 11.14, 'word': 'shop'}",podcast_lecture,White,"[{'timestamps': [['was', 0.29, 0.41], ['captured', 0.41, 0.85], ['by', 0.85, 0.97], ['the', 0.97, 1.07], ['fast', 1.07, 1.42], ['knitting', 1.42, 1.8], ['shop', 1.8, 2.13]], 'word_confidence': [['was', 0.772], ['captured', 0.999], ['by', 1.0], ['the', 1.0], ['fast', 0.43], ['knitting', 0.069], ['shop', 0.432]], 'confidence': 0.582, 'transcript': 'was captured by the fast knitting shop '}]",king,was,0.9869,captured,0.9869,by,0.9869,the,0.9829,fast,0.6255,king,0.4359,shop,0.7339
01Y2k-Palenque1-7CombinedJan161999_chunk_123_1499227381638939_count_0_noise_-1_noise_type_White,4,the galactic core and beef extremely energetic,-1,"{'length': 3, 'confidence': 0.9961, 'end_time': 10.34, 'start_time': 10.27, 'word': 'the'}; {'length': 8, 'confidence': 1.0, 'end_time': 10.96, 'start_time': 10.34, 'word': 'galactic'}; {'length': 4, 'confidence': 0.9945, 'end_time': 11.48, 'start_time': 10.96, 'word': 'core'}; {'length': 3, 'confidence': 0.656, 'end_time': 11.62, 'start_time': 11.48, 'word': 'and'}; {'length': 4, 'confidence': 0.3163, 'end_time': 11.92, 'start_time': 11.64, 'word': 'beef'}; {'length': 9, 'confidence': 0.9159, 'end_time': 12.5, 'start_time': 11.92, 'word': 'extremely'}; {'length': 9, 'confidence': 0.7645, 'end_time': 13.24, 'start_time': 12.5, 'word': 'energetic'}",podcast_lecture,White,"[{'timestamps': [['the', 0.38, 0.47], ['last', 0.47, 0.77], ['six', 0.77, 0.95], ['core', 0.95, 1.46], ['and', 1.46, 1.62], ['these', 1.62, 1.89], ['extremely', 1.89, 2.48], ['energetic', 2.48, 3.15]], 'word_confidence': [['the', 0.903], ['last', 0.677], ['six', 0.336], ['core', 0.407], ['and', 0.313], ['these', 0.663], ['extremely', 1.0], ['energetic', 0.996]], 'confidence': 0.736, 'transcript': 'the last six core and these extremely energetic '}]",galactic,the,0.9718,last,0.9336,six,0.9038,core,0.8387,and,0.594,these,0.7945,extremely,0.9084,energetic,0.9322
History_4A_Fall_2007_UC_Berkeley_Lecture_29_The_Roman_State_and_the_Christian_Church_20481_chunk_32_1499227381638939_count_0_noise_-1_noise_type_White,4,were Christians who would survive the persecution,-1,"{'length': 4, 'confidence': 0.9808, 'end_time': 5.9, 'start_time': 5.78, 'word': 'were'}; {'length': 10, 'confidence': 0.996, 'end_time': 6.38, 'start_time': 5.9, 'word': 'Christians'}; {'length': 3, 'confidence': 0.9727, 'end_time': 6.46, 'start_time': 6.38, 'word': 'who'}; {'length': 5, 'confidence': 0.3752, 'end_time': 6.57, 'start_time': 6.46, 'word': 'would'}; {'length': 7, 'confidence': 0.8573, 'end_time': 6.97, 'start_time': 6.57, 'word': 'survive'}; {'length': 3, 'confidence': 0.8573, 'end_time': 7.05, 'start_time': 6.97, 'word': 'the'}; {'length': 11, 'confidence': 0.929, 'end_time': 7.88, 'start_time': 7.05, 'word': 'persecution'}",podcast_lecture,White,"[{'timestamps': [['for', 0.22, 0.38], ['Christians', 0.38, 0.85], ['who', 0.85, 0.94], ['had', 0.94, 1.04], ['survived', 1.04, 1.45], ['the', 1.45, 1.52], ['persecution', 1.52, 2.32]], 'word_confidence': [['for', 0.427], ['Christians', 0.988], ['who', 0.771], ['had', 0.185], ['survived', 0.724], ['the', 0.793], ['persecution', 0.998]], 'confidence': 0.843, 'transcript': 'for Christians who had survived the persecution '}]",were,for,0.5828,Christians,0.9522,who,0.9228,had,0.7098,survived,0.8116,the,0.9506,persecution,0.9785
TerenceMckenna-TrueHallucinations08-16_chunk_6_1499227381638939_count_0_noise_-1_noise_type_White,4,I assumed that my body was metabolizing,-1,"{'length': 1, 'confidence': 0.8922, 'end_time': 2.79, 'start_time': 2.64, 'word': 'I'}; {'length': 7, 'confidence': 0.4667, 'end_time': 3.27, 'start_time': 2.79, 'word': 'assumed'}; {'length': 4, 'confidence': 0.9079, 'end_time': 3.42, 'start_time': 3.29, 'word': 'that'}; {'length': 2, 'confidence': 0.9565, 'end_time': 3.6, 'start_time': 3.42, 'word': 'my'}; {'length': 4, 'confidence': 0.9472, 'end_time': 4.05, 'start_time': 3.6, 'word': 'body'}; {'length': 3, 'confidence': 0.6401, 'end_time': 4.25, 'start_time': 4.05, 'word': 'was'}; {'length': 12, 'confidence': 0.9042, 'end_time': 5.11, 'start_time': 4.25, 'word': 'metabolizing'}",podcast_lecture,White,"[{'timestamps': [['but', 0.9, 1.03], ['my', 1.03, 1.21], ['body', 1.21, 1.65], ['was', 1.65, 1.86], ['metabolized', 1.86, 2.65]], 'word_confidence': [['but', 0.104], ['my', 0.993], ['body', 0.958], ['was', 0.651], ['metabolized', 0.568]], 'confidence': 0.685, 'transcript': 'but my body was metabolized '}]",that,but,0.4576,my,0.9593,body,0.965,was,0.7574,metabolized,0.6828
FinneginsWake_chunk_168_1499227381638939_count_0_noise_29_noise_type_White,4,not our apartments then we're no better,29,"{'length': 3, 'confidence': 0.4126, 'end_time': 0.45, 'start_time': 0.3, 'word': 'not'}; {'length': 3, 'confidence': 0.432, 'end_time': 0.59, 'start_time': 0.45, 'word': 'our'}; {'length': 10, 'confidence': 0.4121, 'end_time': 1.61, 'start_time': 0.59, 'word': 'apartments'}; {'length': 4, 'confidence': 0.8434, 'end_time': 1.85, 'start_time': 1.64, 'word': 'then'}; {'length': 5, 'confidence': 0.8275, 'end_time': 2.12, 'start_time': 1.85, 'word': ""we're""}; {'length': 2, 'confidence': 0.9595, 'end_time': 2.34, 'start_time': 2.12, 'word': 'no'}; {'length': 6, 'confidence': 1.0, 'end_time': 2.7, 'start_time': 2.34, 'word': 'better'}",podcast_lecture,White,"[{'timestamps': [['our', 0.3, 0.54], ['apartment', 0.54, 1.35], ['then', 1.63, 1.8], [""we're"", 1.8, 2.07], ['no', 2.07, 2.27], ['better', 2.27, 2.6]], 'word_confidence': [['our', 0.33], ['apartment', 0.008], ['then', 0.695], [""we're"", 0.459], ['no', 1.0], ['better', 0.996]], 'confidence': 0.424, 'transcript': ""our apartment then we're no better ""}]",then,Tara,0.4076,we're,0.6227,no,0.974,better,0.9887
