episode_20080108_125846-0800_chunk_128_149915442541896_count_0_noise_-1_noise_type_White,3b,6.64,7.27,many college,-1,False,0.3873,0.8307,podcast_lecture,White,many,college,"[{'timestamps': [['on', 0.58, 0.83]], 'word_confidence': [['on', 0.196]], 'confidence': 0.196, 'transcript': 'on '}]"
episode_20080108_125846-0800_chunk_128_149915442541896_count_1_noise_-1_noise_type_White,3b,17.11,19.17,so really overdoing it was fighting some,-1,True,0.7601,0.4727,podcast_lecture,White,fighting,some,"[{'timestamps': [['really', 0.37, 0.81], ['overdoing', 1.02, 1.52], ['it', 1.52, 1.62], ['fighting', 1.79, 2.1]], 'word_confidence': [['really', 0.868], ['overdoing', 0.783], ['it', 0.842], ['fighting', 0.175]], 'confidence': 0.675, 'transcript': 'really overdoing it fighting '}]",really,0.977,overdoing,0.7987,it,0.8093,<eps>,0.7416
History_4A_Fall_2007_UC_Berkeley_Lecture_22_Violence_and_Civil_War_The_Fall_of_the_Roman_Republic_20474_chunk_38_149915442541896_count_0_noise_0_noise_type_White,3b,19.91,21.18,it's firefighting business is still going,0,True,0.826,0.3429,podcast_lecture,White,still,going,"[{'timestamps': [['if', 0.19, 0.41], ['I', 0.41, 0.52], ['find', 0.52, 0.88]], 'word_confidence': [['if', 0.445], ['I', 0.568], ['find', 0.52]], 'confidence': 0.504, 'transcript': 'if I find '}]",if,0.8416,I,0.8779,find,0.8556
History_4A_Fall_2007_UC_Berkeley_Lecture_27_State_and_Society_in_the_High_Roman_Empire_20479_chunk_68_149915442541896_count_0_noise_-1_noise_type_White,3b,22.26,23.56,right when,-1,False,0.4844,0.9914,podcast_lecture,White,right,when,"[{'timestamps': [['when', 1.28, 1.53]], 'word_confidence': [['when', 0.103]], 'confidence': 0.103, 'transcript': 'when '}]"
episode_20080602_132430-0700_chunk_146_149915442541896_count_0_noise_-1_noise_type_White,3b,6.93,8.01,you know like thirty,-1,False,0.4645,0.7676,podcast_lecture,White,like,thirty,[]
TerenceMckenna-TrueHallucinations10-16_chunk_60_149915442541896_count_0_noise_-1_noise_type_White,3b,5.53,8.38,the cloud had emerged but look column,-1,False,0.4915,0.8279,podcast_lecture,White,look,column,"[{'timestamps': [['class', 0.45, 1.2], ['had', 1.23, 1.38], ['emerged', 1.38, 1.92], ['but', 1.92, 2.08], ['look', 2.08, 2.31], ['column', 2.64, 3.07]], 'word_confidence': [['class', 0.141], ['had', 0.333], ['emerged', 0.991], ['but', 0.296], ['look', 0.547], ['column', 0.374]], 'confidence': 0.454, 'transcript': 'class had emerged but look column '}]",class,0.5361,had,0.6328,emerged,0.5455,but,0.4001
TerenceMckenna-TrueHallucinations16-16_chunk_60_149915442541896_count_0_noise_-1_noise_type_White,3b,3.35,5.62,think the listeners thank,-1,False,0.3613,0.8712,podcast_lecture,White,listeners,thank,"[{'timestamps': [['I', 0.21, 0.5], ['listen', 0.58, 1.02]], 'word_confidence': [['I', 0.284], ['listen', 0.453]], 'confidence': 0.386, 'transcript': 'I listen '}, {'timestamps': [['thank', 2.21, 2.48]], 'word_confidence': [['thank', 0.109]], 'confidence': 0.109, 'transcript': 'thank '}]",how,0.3259,to,0.3889,listen,0.6008
01Y2k-Palenque1-7CombinedJan161999_chunk_13_149915442541896_count_0_noise_-1_noise_type_White,3b,16.27,18.3,although some of long hopefully,-1,True,0.7212,0.3371,podcast_lecture,White,long,hopefully,"[{'timestamps': [['Wall', 0.92, 1.28]], 'word_confidence': [['Wall', 0.622]], 'confidence': 0.622, 'transcript': 'Wall '}]",Wall,0.5368
TerenceMckenna-TrueHallucinations06-16_chunk_54_149915442541896_count_1_noise_12_noise_type_White,3b,7.42,9.35,think through runs Norrell make trips,12,True,0.8176,0.4668,podcast_lecture,White,make,trips,"[{'timestamps': [['through', 0.45, 0.71], ['once', 0.71, 1.12], ['Norrell', 1.12, 1.57], ['matrix', 1.57, 2.14]], 'word_confidence': [['through', 0.819], ['once', 0.311], ['Norrell', 0.286], ['matrix', 0.306]], 'confidence': 0.381, 'transcript': 'through once Norrell matrix '}]",through,0.8301,once,0.4559,Norrell,0.6259,make,0.4934
History_4A_Fall_2007_UC_Berkeley_Lecture_22_Violence_and_Civil_War_The_Fall_of_the_Roman_Republic_20474_chunk_73_149915442541896_count_0_noise_-1_noise_type_White,3b,17.14,19.22,you know be seen as this bloody,-1,False,0.2633,0.8668,podcast_lecture,White,this,bloody,"[{'timestamps': [['you', 0.29, 0.4], ['know', 0.4, 0.69], ['the', 1.37, 1.49], ['scene', 1.49, 1.76], ['is', 1.76, 1.89], ['is', 1.89, 2.02], ['what', 2.02, 2.27], ['it', 2.27, 2.35]], 'word_confidence': [['you', 0.75], ['know', 0.992], ['the', 0.117], ['scene', 0.983], ['is', 0.459], ['is', 0.392], ['what', 0.874], ['it', 0.116]], 'confidence': 0.716, 'transcript': 'you know the scene is is what it '}]",you,0.9687,know,0.9592,be,0.6321,seen,0.6243,as,0.5508,is,0.5712,what,0.6953
01Y2k-Palenque1-7CombinedJan161999_chunk_118_149915442541896_count_0_noise_23_noise_type_White,3b,10.2,12.56,years things <eps> will change very,23,True,0.9249,0.446,podcast_lecture,White,change,very,"[{'timestamps': [['things', 1.09, 1.36], ['will', 1.45, 1.64], ['change', 1.64, 2.16], ['very', 2.27, 2.56]], 'word_confidence': [['things', 0.141], ['will', 0.178], ['change', 0.175], ['very', 0.649]], 'confidence': 0.277, 'transcript': 'things will change very '}]",think,0.4615,<eps>,0.4511,we're,0.4936,change,0.4199,very,0.8384
01Y2k-Palenque1-7CombinedJan161999_chunk_118_149915442541896_count_1_noise_-1_noise_type_White,3b,19.71,22.29,the path coffee without that,-1,False,0.3996,0.8828,podcast_lecture,White,without,that,"[{'timestamps': [[""assassin's"", 0.29, 0.87], ['coffee', 0.87, 1.29], ['house', 1.43, 1.75], ['without', 2.17, 2.5], ['them', 2.54, 2.81]], 'word_confidence': [[""assassin's"", 0.108], ['coffee', 0.173], ['house', 0.444], ['without', 0.497], ['them', 0.337]], 'confidence': 0.277, 'transcript': ""assassin's coffee house without them ""}]",assassin,0.2853,coffee,0.5078,<eps>,0.574,without,0.6402,them,0.4501
wetlands_chunk_49_149915442541896_count_0_noise_-1_noise_type_White,3b,7.56,10.23,set of rancorous debate sparked,-1,True,0.8861,0.4089,podcast_lecture,White,debate,sparked,"[{'timestamps': [['hi', 1.37, 1.54], ['Christy', 1.54, 1.99], ['paid', 1.99, 2.33], ['star', 2.33, 2.85]], 'word_confidence': [['hi', 0.206], ['Christy', 0.528], ['paid', 0.169], ['star', 0.385]], 'confidence': 0.358, 'transcript': 'hi Christy paid star '}]",hi,0.7256,Christy,0.5026
wetlands_chunk_39_149915442541896_count_0_noise_21_noise_type_White,3b,14.54,16.11,no like liquid eating,21,True,0.7274,0.3893,podcast_lecture,White,liquid,eating,"[{'timestamps': [['like', 0.61, 0.88], ['liquid', 0.88, 1.35], ['beating', 1.49, 1.75]], 'word_confidence': [['like', 0.137], ['liquid', 0.387], ['beating', 0.213]], 'confidence': 0.274, 'transcript': 'like liquid beating '}]",n't,0.3768,liquid,0.476
TerenceMckenna-TrueHallucinations16-16_chunk_59_149915442541896_count_0_noise_-1_noise_type_White,3b,9.05,11.7,Wallace arrangements by nomad them,-1,True,0.7855,0.4051,podcast_lecture,White,nomad,them,"[{'timestamps': [['products', 0.2, 0.94], ['arrangements', 1.11, 1.8], ['by', 1.8, 1.95], ['nomad', 1.95, 2.5], ['back', 2.5, 2.83]], 'word_confidence': [['products', 0.243], ['arrangements', 0.793], ['by', 0.497], ['nomad', 0.196], ['back', 0.153]], 'confidence': 0.39, 'transcript': 'products arrangements by nomad back '}]",products,0.6301,arrangements,0.8572,by,0.841,nomad,0.4201
TerenceMckenna-TrueHallucinations16-16_chunk_59_149915442541896_count_1_noise_-1_noise_type_White,3b,18.4,20.53,thank you tense both,-1,False,0.2687,0.9028,podcast_lecture,White,tense,both,"[{'timestamps': [['going', 0.23, 0.47], ['through', 0.47, 0.74], ['turns', 0.74, 1.34]], 'word_confidence': [['going', 0.687], ['through', 0.399], ['turns', 0.174]], 'confidence': 0.34, 'transcript': 'going through turns '}]",going,0.8049,through,0.7222,turns,0.3456
History_4A_Fall_2007_UC_Berkeley_Lecture_28_Crisis_and_Recovery_AD_161-337_20480_chunk_37_149915442541896_count_0_noise_8_noise_type_White,3b,18.12,20.7,against these invaders many have emperor also,8,False,0.4407,0.876,podcast_lecture,White,emperor,also,"[{'timestamps': [['defensive', 0.23, 0.83], ['invade', 0.83, 1.14], ['many', 1.82, 2.08], ['an', 2.08, 2.17], ['emperor', 2.17, 2.48], ['also', 2.48, 2.77]], 'word_confidence': [['defensive', 0.223], ['invade', 0.2], ['many', 0.975], ['an', 0.09], ['emperor', 0.409], ['also', 0.353]], 'confidence': 0.369, 'transcript': 'defensive invade many an emperor also '}]",defensive,0.5268,invade,0.439
History_4A_Fall_2007_UC_Berkeley_Lecture_27_State_and_Society_in_the_High_Roman_Empire_20479_chunk_82_149915442541896_count_0_noise_-1_noise_type_White,3b,13.02,14.92,but every fat this cultural,-1,False,0.3886,0.702,podcast_lecture,White,this,cultural,"[{'timestamps': [['I', 0.27, 0.35], [""don't"", 0.35, 0.5], ['think', 0.5, 0.66], ['that', 0.77, 1.13], [""it's"", 1.59, 1.75], ['proper', 1.75, 2.12]], 'word_confidence': [['I', 0.437], [""don't"", 0.328], ['think', 0.067], ['that', 0.354], [""it's"", 0.26], ['proper', 0.507]], 'confidence': 0.353, 'transcript': ""I don't think that it's proper ""}]",I,0.4463,don't,0.4313,that,0.8081,is,0.3805,proper,0.5514
FinneginsWake_chunk_75_149915442541896_count_1_noise_7_noise_type_White,3b,14.09,16.13,I can remember the gold silver ironing,7,True,0.8321,0.3957,podcast_lecture,White,silver,ironing,"[{'timestamps': [['I', 0.24, 0.31], [""can't"", 0.31, 0.51], ['remember', 0.51, 0.88], ['the', 0.88, 0.95], ['gold', 0.95, 1.28], ['silver', 1.34, 1.69], ['iron', 1.69, 2.13]], 'word_confidence': [['I', 0.494], [""can't"", 0.194], ['remember', 0.49], ['the', 0.475], ['gold', 0.476], ['silver', 0.16], ['iron', 0.453]], 'confidence': 0.382, 'transcript': ""I can't remember the gold silver iron ""}]",I,0.775,can't,0.5461,remember,0.7644,the,0.8441,gold,0.6511,silver,0.4615
TerenceMckenna-TrueHallucinations03-16_chunk_72_149915442541896_count_0_noise_24_noise_type_White,3b,1.43,4.26,just beyond the rude bridge arcana,24,True,0.963,0.492,podcast_lecture,White,bridge,arcana,"[{'timestamps': [['just', 0.29, 0.62], ['beyond', 0.62, 1.04], ['the', 1.04, 1.12], ['rude', 1.12, 1.56], ['bridge', 1.56, 2.13], ['parking', 2.5, 3.03]], 'word_confidence': [['just', 0.994], ['beyond', 1.0], ['the', 0.595], ['rude', 0.435], ['bridge', 0.165], ['parking', 0.296]], 'confidence': 0.522, 'transcript': 'just beyond the rude bridge parking '}]",just,0.9995,beyond,0.9897,the,0.8739,rude,0.7536,bridge,0.494
History_4A_Fall_2007_UC_Berkeley_Lecture_04_History_4A-Lecture_4_20456_chunk_115_149915442541896_count_0_noise_13_noise_type_White,3b,9.21,10.95,to the Egyptians I'm totally chilling with,13,False,0.4493,0.7827,podcast_lecture,White,chilling,with,"[{'timestamps': [['the', 0.33, 0.48], ['Egyptians', 0.48, 0.98], ['have', 0.98, 1.16], ['heard', 1.16, 1.39], ['the', 1.39, 1.5], ['chilling', 1.5, 1.83], ['with', 1.83, 1.96]], 'word_confidence': [['the', 0.304], ['Egyptians', 0.296], ['have', 0.06], ['heard', 0.105], ['the', 0.091], ['chilling', 0.156], ['with', 0.244]], 'confidence': 0.197, 'transcript': 'the Egyptians have heard the chilling with '}]",the,0.6502,Egyptians,0.6284,have,0.2701
01Y2k-Palenque1-7CombinedJan161999_chunk_116_149915442541896_count_0_noise_-1_noise_type_White,3b,10.28,12.96,of taking this come forward they,-1,False,0.4704,1.0,podcast_lecture,White,forward,they,"[{'timestamps': [['taking', 0.41, 0.78], ['this', 0.78, 0.96], ['song', 0.96, 1.27], ['for', 1.27, 1.76]], 'word_confidence': [['taking', 0.461], ['this', 0.608], ['song', 0.333], ['for', 0.142]], 'confidence': 0.336, 'transcript': 'taking this song for '}]",taking,0.8173,this,0.82,on,0.4944,full,0.4397
History_4A_Fall_2007_UC_Berkeley_Lecture_05_New_Kingdom_Egypt_State_and_Society_c._1500-1000_BC_20457_chunk_144_149915442541896_count_0_noise_-1_noise_type_White,3b,16.91,20.2,important not in attendance plant,-1,False,0.4867,0.9482,podcast_lecture,White,attendance,plant,"[{'timestamps': [['important', 0.31, 0.88], ['Akhnaton', 1.27, 1.84], ['attendance', 1.84, 2.68], ['to', 2.88, 3.05], ['supplant', 3.05, 3.55]], 'word_confidence': [['important', 0.954], ['Akhnaton', 0.478], ['attendance', 0.486], ['to', 1.0], ['supplant', 1.0]], 'confidence': 0.715, 'transcript': 'important Akhnaton attendance to supplant '}]",important,0.9877,Akhnaton,0.7687,attendance,0.5682,to,0.9685,supplant,0.979
TheVoynichManuscript_chunk_102_149915442541896_count_0_noise_-1_noise_type_White,3b,15.09,17.66,of its origin and <eps> then number,-1,False,0.3459,0.7434,podcast_lecture,White,then,number,"[{'timestamps': [['if', 0.21, 0.41], ['its', 0.41, 0.59], ['origin', 0.59, 1.14], ['and', 1.82, 2.03], ['you', 2.03, 2.12], [""don't"", 2.12, 2.35], ['know', 2.35, 2.49], ['enough', 2.49, 2.78]], 'word_confidence': [['if', 0.999], ['its', 0.965], ['origin', 0.588], ['and', 0.929], ['you', 0.071], [""don't"", 0.163], ['know', 0.911], ['enough', 0.612]], 'confidence': 0.656, 'transcript': ""if its origin and you don't know enough ""}]",if,0.9999,it's,0.511,origin,0.8054,and,0.8095,don't,0.4558,know,0.7791,enough,0.8027
TerenceMckenna-TrueHallucinations03-16_chunk_87_149915442541896_count_0_noise_0_noise_type_White,3b,14.62,17.07,long representative I had eaten near,0,False,0.4851,0.8408,podcast_lecture,White,eaten,near,"[{'timestamps': [['lone', 0.25, 0.71], ['representative', 0.71, 1.78], ['I', 1.78, 1.91], ['had', 1.91, 2.06], ['beaten', 2.06, 2.47], ['near', 2.47, 2.72]], 'word_confidence': [['lone', 0.308], ['representative', 0.652], ['I', 1.0], ['had', 0.651], ['beaten', 0.171], ['near', 0.442]], 'confidence': 0.505, 'transcript': 'lone representative I had beaten near '}]",lone,0.4197,representative,0.9207,I,0.9207,had,0.8283,eaten,0.6105,near,0.4352
episode_20080602_132430-0700_chunk_149_149915442541896_count_0_noise_0_noise_type_White,3b,5.2,7.37,and I will have this compelling,0,False,0.3555,0.9528,podcast_lecture,White,this,compelling,"[{'timestamps': [['I', 0.53, 0.72], ['will', 0.72, 1.13], ['have', 1.48, 1.81]], 'word_confidence': [['I', 0.975], ['will', 1.0], ['have', 0.94]], 'confidence': 0.973, 'transcript': 'I will have '}]",I,0.9977,will,0.9977,have,0.9651
TerenceMckenna-TrueHallucinations06-16_chunk_44_149915442541896_count_0_noise_0_noise_type_White,3b,10.03,13.41,power of locomotion minutes imagination with,0,True,0.9878,0.4512,podcast_lecture,White,imagination,with,"[{'timestamps': [['power', 0.3, 0.7], ['of', 0.7, 0.83], ['locomotion', 0.83, 1.71], ['limits', 1.71, 2.06], ['American', 2.06, 2.56], ['nation', 2.56, 3.14]], 'word_confidence': [['power', 0.276], ['of', 0.663], ['locomotion', 0.997], ['limits', 0.066], ['American', 0.345], ['nation', 0.997]], 'confidence': 0.651, 'transcript': 'power of locomotion limits American nation '}]",power,0.5298,of,0.9247,locomotion,0.8997,limits,0.2809,American,0.7252,nation,0.7243
episode_20080528_125757-0700_chunk_161_149915442541896_count_0_noise_12_noise_type_White,3b,5.46,7.46,I might be sat on maybe happy,12,False,0.4813,0.9485,podcast_lecture,White,maybe,happy,"[{'timestamps': [['I', 0.28, 0.55], ['might', 0.55, 0.87], ['be', 0.87, 1.02], ['sat', 1.02, 1.44], ['on', 1.44, 1.59], ['my', 1.59, 1.72], ['behalf', 1.72, 2.13]], 'word_confidence': [['I', 1.0], ['might', 1.0], ['be', 1.0], ['sat', 0.515], ['on', 0.775], ['my', 0.269], ['behalf', 0.209]], 'confidence': 0.645, 'transcript': 'I might be sat on my behalf '}]",I,0.9957,might,0.9957,be,0.9957,sat,0.6395,on,0.5572,make,0.4737,you,0.4737,happy,0.4915
TerenceMckenna-TrueHallucinations07-16_chunk_33_149915442541896_count_0_noise_24_noise_type_White,3b,4.62,7.17,conflicts within a stone will activate,24,True,0.971,0.4846,podcast_lecture,White,will,activate,"[{'timestamps': [['within', 0.98, 1.3], ['a', 1.3, 1.41], ['fountain', 1.41, 2.03], ['will', 2.03, 2.24], ['actively', 2.24, 2.76]], 'word_confidence': [['within', 0.141], ['a', 0.275], ['fountain', 0.189], ['will', 0.311], ['actively', 0.109]], 'confidence': 0.177, 'transcript': 'within a fountain will actively '}]",then,0.3684,found,0.6769,will,0.4472
TerenceMckenna-TrueHallucinations07-16_chunk_33_149915442541896_count_1_noise_8_noise_type_White,3b,15.15,17.74,to conduct civility will sustain,8,True,0.8615,0.4563,podcast_lecture,White,will,sustain,"[{'timestamps': [['product', 0.32, 0.9], ['pity', 1.1, 1.81], ['will', 2.11, 2.4], ['sustain', 2.4, 2.82]], 'word_confidence': [['product', 0.17], ['pity', 0.163], ['will', 0.411], ['sustain', 0.072]], 'confidence': 0.182, 'transcript': 'product pity will sustain '}]",conduct,0.3053,will,0.4931
FinneginsWake_chunk_123_149915442541896_count_0_noise_18_noise_type_White,3b,11.11,13.72,a Dinning gam with their deep growl,18,True,0.7061,0.4176,podcast_lecture,White,deep,growl,"[{'timestamps': [['but', 0.23, 0.38], ['then', 0.38, 0.57], ['again', 0.57, 1.04], ['with', 1.42, 1.69], ['their', 1.69, 1.87], ['deep', 1.87, 2.34], ['growl', 2.47, 2.83]], 'word_confidence': [['but', 0.139], ['then', 0.234], ['again', 0.204], ['with', 1.0], ['their', 0.621], ['deep', 0.318], ['growl', 0.061]], 'confidence': 0.342, 'transcript': 'but then again with their deep growl '}]",I,0.4952,then,0.4972,again,0.4782,with,0.9158,their,0.5693,deep,0.4589
TerenceMckenna-TrueHallucinations04-16_chunk_18_149915442541896_count_0_noise_22_noise_type_White,3b,8.39,11.37,relaxing catching up on insect implant,22,True,1.0,0.4661,podcast_lecture,White,insect,implant,"[{'timestamps': [['okay', 0.22, 0.4], ['laugh', 0.4, 0.79], ['catching', 1.38, 1.86], ['up', 1.86, 2.06], ['on', 2.06, 2.22], ['insect', 2.22, 2.76], ['and', 2.76, 2.87], ['plan', 2.87, 3.16]], 'word_confidence': [['okay', 0.36], ['laugh', 0.498], ['catching', 0.945], ['up', 0.374], ['on', 0.259], ['insect', 0.213], ['and', 0.739], ['plan', 0.365]], 'confidence': 0.481, 'transcript': 'okay laugh catching up on insect and plan '}]",okay,0.8171,laugh,0.7581,catching,0.6684,up,0.539,on,0.4312,insect,0.3535,and,0.8048
wetlands_chunk_33_149915442541896_count_0_noise_21_noise_type_White,3b,1.76,5.08,discovered early in life domain,21,True,0.9654,0.4145,podcast_lecture,White,life,domain,"[{'timestamps': [['Jeffrey', 0.64, 1.1], ['bringing', 1.47, 1.91], ['in', 1.91, 2.03], ['life', 2.03, 2.47], ['dining', 3.03, 3.5]], 'word_confidence': [['Jeffrey', 0.305], ['bringing', 0.493], ['in', 0.614], ['life', 0.265], ['dining', 0.257]], 'confidence': 0.346, 'transcript': 'Jeffrey bringing in life dining '}]",Jeffrey,0.5572,bringing,0.5453,in,0.8588,life,0.4903
DennisMcKenna5_chunk_30_149915442541896_count_0_noise_-1_noise_type_White,3b,11.57,13.63,to say that hello world that there,-1,False,0.4507,0.9231,podcast_lecture,White,that,there,"[{'timestamps': [['to', 0.28, 0.41], ['say', 0.41, 0.78], ['that', 0.78, 0.95], ['hello', 0.95, 1.35], ['world', 1.35, 1.93], ['city', 1.93, 2.24]], 'word_confidence': [['to', 0.383], ['say', 0.707], ['that', 0.798], ['hello', 0.702], ['world', 0.994], ['city', 0.15]], 'confidence': 0.689, 'transcript': 'to say that hello world city '}]",to,0.8931,say,0.9787,that,0.9787,hello,0.9816,world,0.9816,city,0.6893
TerenceMckenna-TrueHallucinations06-16_chunk_64_149915442541896_count_0_noise_-1_noise_type_White,3b,5.17,8.19,the DNA and this yes sour resignation,-1,False,0.4264,0.76,podcast_lecture,White,sour,resignation,"[{'timestamps': [['with', 0.28, 0.44], ['the', 0.44, 0.6], ['LA', 0.6, 1.2], ['and', 1.37, 1.47], ['this', 1.47, 1.74], ['yes', 1.74, 2.18], ['our', 2.18, 2.44], ['resignation', 2.44, 3.24]], 'word_confidence': [['with', 0.413], ['the', 0.741], ['LA', 0.305], ['and', 0.593], ['this', 0.835], ['yes', 0.14], ['our', 0.655], ['resignation', 0.104]], 'confidence': 0.347, 'transcript': 'with the LA and this yes our resignation '}]",with,0.5967,the,0.6268,LA,0.5331,and,0.8017,this,0.7172,our,0.5459
TerenceMckenna-TrueHallucinations06-16_chunk_64_149915442541896_count_1_noise_-1_noise_type_White,3b,13.71,16.09,way to disrupt it little tell,-1,True,0.8801,0.3836,podcast_lecture,White,little,tell,"[{'timestamps': [['I', 0.24, 0.27], ['waited', 0.27, 0.72], ['disrupted', 0.72, 1.65], ['the', 1.99, 2.09], ['military', 2.09, 2.56]], 'word_confidence': [['I', 0.153], ['waited', 0.314], ['disrupted', 0.549], ['the', 0.444], ['military', 0.182]], 'confidence': 0.397, 'transcript': 'I waited disrupted the military '}]",waited,0.4262,disrupted,0.5805,the,0.6809,military,0.6245
BeyondPsychology_chunk_89_149915442541896_count_1_noise_22_noise_type_White,3b,15.24,18.53,in wealth and influence and power albeit,22,True,0.9691,0.2467,podcast_lecture,White,power,albeit,"[{'timestamps': [['welfare', 0.43, 0.96], ['insurance', 0.96, 1.45], ['and', 1.64, 1.89], ['power', 1.89, 2.28]], 'word_confidence': [['welfare', 0.111], ['insurance', 0.011], ['and', 0.196], ['power', 0.806]], 'confidence': 0.258, 'transcript': 'welfare insurance and power '}]",well,0.3199
BeyondPsychology_chunk_89_149915442541896_count_2_noise_-1_noise_type_White,3b,21.22,23.49,the same dichotomy of this which,-1,False,0.3211,0.7444,podcast_lecture,White,this,which,"[{'timestamps': [['the', 0.32, 0.39], ['same', 0.39, 0.76], ['dichotomy', 0.76, 1.48], ['of', 1.48, 1.6], ['direct', 1.6, 1.96], ['him', 1.96, 2.25], ['with', 2.33, 2.49]], 'word_confidence': [['the', 0.333], ['same', 0.15], ['dichotomy', 0.992], ['of', 0.994], ['direct', 0.658], ['him', 0.058], ['with', 0.517]], 'confidence': 0.598, 'transcript': 'the same dichotomy of direct him with '}]",same,0.2891,dichotomy,0.9408,of,0.9718,direct,0.6618
History_4A_Fall_2007_UC_Berkeley_Lecture_28_Crisis_and_Recovery_AD_161-337_20480_chunk_23_149915442541896_count_0_noise_-1_noise_type_White,3b,14.47,16.19,so there is his wife Julia doll,-1,True,0.8086,0.3179,podcast_lecture,White,Julia,doll,"[{'timestamps': [['so', 0.28, 0.43], ['there', 0.43, 0.67], ['is', 0.67, 0.77], ['his', 0.77, 0.91], ['wife', 0.91, 1.35], ['Julie', 1.35, 1.64], ['at', 1.64, 1.81], ['all', 1.81, 1.98]], 'word_confidence': [['so', 0.963], ['there', 0.748], ['is', 0.462], ['his', 0.476], ['wife', 1.0], ['Julie', 0.373], ['at', 0.13], ['all', 0.123]], 'confidence': 0.605, 'transcript': 'so there is his wife Julie at all '}]",so,0.999,there,0.6966,is,0.6785,his,0.9441,wife,0.9424,Julie,0.5082,all,0.4811
TerenceMckenna-TrueHallucinations13-16_chunk_76_149915442541896_count_0_noise_-1_noise_type_White,3b,12.54,15.91,in escaping plan through,-1,False,0.3927,0.8701,podcast_lecture,White,plan,through,"[{'timestamps': [['IGN', 0.64, 1.18], ['com', 1.18, 1.51], ['finds', 1.59, 1.99]], 'word_confidence': [['IGN', 0.05], ['com', 0.041], ['finds', 0.283]], 'confidence': 0.121, 'transcript': 'IGN com finds '}, {'timestamps': [['plan', 2.23, 2.6]], 'word_confidence': [['plan', 0.268]], 'confidence': 0.268, 'transcript': 'plan '}]",IGN,0.7264,com,0.7155,plan,0.3316
episode_20080604_130636-0700_chunk_12_149915442541896_count_0_noise_-1_noise_type_White,3b,4.06,6.13,<eps> she <eps> no we know getting,-1,False,0.4012,0.9139,podcast_lecture,White,know,getting,"[{'timestamps': [['we', 1.78, 1.93], [""don't"", 1.93, 2.09], ['get', 2.09, 2.24], ['it', 2.24, 2.34]], 'word_confidence': [['we', 0.936], [""don't"", 0.206], ['get', 0.596], ['it', 0.669]], 'confidence': 0.589, 'transcript': ""we don't get it ""}]",we,0.997,don't,0.6357,get,0.7787,it,0.8441
episode_20080604_130636-0700_chunk_12_149915442541896_count_1_noise_-1_noise_type_White,3b,20.7,22.17,so finally I got fined just,-1,False,0.4241,0.8026,podcast_lecture,White,fined,just,[]
OpenDoors_chunk_7_149915442541896_count_0_noise_-1_noise_type_White,3b,20.03,22.22,of accumulated folk medical,-1,False,0.3676,0.7992,podcast_lecture,White,folk,medical,"[{'timestamps': [['of', 0.27, 0.41], ['accumulated', 0.41, 1.28], ['all', 1.43, 1.65], ['command', 1.65, 2.09], ['because', 2.09, 2.42]], 'word_confidence': [['of', 0.449], ['accumulated', 1.0], ['all', 0.079], ['command', 0.382], ['because', 0.212]], 'confidence': 0.594, 'transcript': 'of accumulated all command because '}]",of,0.6398,accumulated,1.0,command,0.4563,the,0.5579
UnfoldingTheLeaf_chunk_9_149915442541896_count_0_noise_-1_noise_type_White,3b,3.45,6.58,%HESITATION tying up loose because,-1,True,0.7024,0.4416,podcast_lecture,White,loose,because,"[{'timestamps': [['%HESITATION', 0.28, 0.67], ['tying', 0.67, 1.49], ['up', 1.53, 1.67], ['loose', 1.7, 2.05], ['and', 2.16, 2.71], ['the', 3.15, 3.35]], 'word_confidence': [['%HESITATION', 0.998], ['tying', 0.017], ['up', 0.538], ['loose', 0.213], ['and', 0.378], ['the', 0.244]], 'confidence': 0.33, 'transcript': '%HESITATION tying up loose and the '}]",%HESITATION,0.9982,crying,0.593,out,0.4252,and,0.6465,the,0.5929
UnfoldingTheLeaf_chunk_9_149915442541896_count_1_noise_-1_noise_type_White,3b,14.16,16.89,the paleo people made quite,-1,True,0.7982,0.365,podcast_lecture,White,made,quite,"[{'timestamps': [['Haley', 0.4, 0.78], ['a', 0.78, 0.85], ['live', 0.85, 1.06], ['but', 1.17, 1.36], ['people', 1.5, 2.0], ['made', 2.24, 2.55], ['court', 2.55, 2.95]], 'word_confidence': [['Haley', 0.471], ['a', 0.681], ['live', 0.333], ['but', 0.443], ['people', 0.998], ['made', 0.285], ['court', 0.246]], 'confidence': 0.518, 'transcript': 'Haley a live but people made court '}]",Haley,0.465,a,0.7113,but,0.5485,people,0.8276,made,0.4623
DennisMcKenna4_chunk_24_149915442541896_count_0_noise_-1_noise_type_White,3b,11.71,13.83,use them it's no different than forming,-1,False,0.4587,1.0,podcast_lecture,White,than,forming,"[{'timestamps': [['use', 0.22, 0.53], ['them', 0.53, 0.73], [""it's"", 0.73, 0.93], ['no', 0.93, 1.19], ['different', 1.19, 1.7], ['than', 1.7, 1.88], ['for', 1.88, 2.17], ['me', 2.17, 2.36]], 'word_confidence': [['use', 0.769], ['them', 0.232], [""it's"", 0.218], ['no', 0.986], ['different', 0.999], ['than', 0.354], ['for', 0.246], ['me', 0.229]], 'confidence': 0.595, 'transcript': ""use them it's no different than for me ""}]",use,0.8644,them,0.7487,it's,0.7855,no,0.8947,different,0.8526,than,0.668,forming,0.3344
BeyondPsychology_chunk_82_149915442541896_count_0_noise_-1_noise_type_White,3b,9.91,10.79,woman mine,-1,True,0.7744,0.4686,podcast_lecture,White,woman,mine,"[{'timestamps': [['Rumer', 0.25, 0.8], ['room', 0.8, 1.11]], 'word_confidence': [['Rumer', 0.472], ['room', 0.104]], 'confidence': 0.34, 'transcript': 'Rumer room '}]",Rumer,0.3487
wetlands_chunk_64_149915442541896_count_0_noise_-1_noise_type_White,3b,8.12,9.3,college karmic,-1,False,0.496,0.933,podcast_lecture,White,college,karmic,"[{'timestamps': [['holiday', 0.27, 0.68], ['harmony', 0.77, 1.34]], 'word_confidence': [['holiday', 0.316], ['harmony', 0.096]], 'confidence': 0.188, 'transcript': 'holiday harmony '}]",holiday,0.6794
History_4A_Fall_2007_UC_Berkeley_Lecture_27_State_and_Society_in_the_High_Roman_Empire_20479_chunk_85_149915442541896_count_0_noise_-1_noise_type_White,3b,10.1,11.67,and at this point hideous,-1,True,0.9854,0.2003,podcast_lecture,White,point,hideous,"[{'timestamps': [['or', 0.24, 0.5], ['or', 0.92, 1.16], ['via', 1.44, 1.79]], 'word_confidence': [['or', 0.254], ['or', 0.27], ['via', 0.29]], 'confidence': 0.273, 'transcript': 'or or via '}]",or,0.4946,or,0.5921
Dreaming_chunk_76_149915442541896_count_0_noise_-1_noise_type_White,3b,15.52,17.09,you know this is what culture done,-1,True,0.923,0.4742,podcast_lecture,White,culture,done,"[{'timestamps': [['yeah', 0.21, 0.51], ['it', 0.51, 0.64], ['is', 0.64, 0.75], ['what', 0.75, 0.95], ['culture', 1.01, 1.47], [""don't"", 1.47, 1.79]], 'word_confidence': [['yeah', 0.788], ['it', 0.118], ['is', 0.075], ['what', 0.947], ['culture', 0.744], [""don't"", 0.143]], 'confidence': 0.551, 'transcript': ""yeah it is what culture don't ""}]",yeah,1.0,culture,0.4287
TerenceMckenna-TrueHallucinations08-16_chunk_54_149915442541896_count_0_noise_20_noise_type_White,3b,9.64,11.98,from Denver deal disorganized,20,False,0.3003,0.7348,podcast_lecture,White,deal,disorganized,"[{'timestamps': [['from', 0.23, 0.54], ['death', 0.54, 1.02], ['Spiro', 1.28, 1.6], ['disorganized', 1.6, 2.51]], 'word_confidence': [['from', 0.806], ['death', 0.115], ['Spiro', 0.142], ['disorganized', 0.987]], 'confidence': 0.618, 'transcript': 'from death Spiro disorganized '}]",from,0.934,data,0.2788
TerenceMckenna-TrueHallucinations15-16_chunk_60_149915442541896_count_0_noise_18_noise_type_White,3b,8.43,10.3,I reached these conclusions through,18,True,0.9968,0.4712,podcast_lecture,White,conclusions,through,"[{'timestamps': [['I', 0.24, 0.46], ['reached', 0.46, 0.81]], 'word_confidence': [['I', 1.0], ['reached', 1.0]], 'confidence': 1.0, 'transcript': 'I reached '}]",I,1.0,reached,1.0
01Y2k-Palenque1-7CombinedJan161999_chunk_114_149915442541896_count_0_noise_-1_noise_type_White,3b,2.92,6.06,weak force overcome all the fourth comfort,-1,False,0.469,0.7926,podcast_lecture,White,fourth,comfort,"[{'timestamps': [['we', 0.31, 0.47], ['pay', 0.47, 0.59], ['for', 0.59, 0.8], ['it', 0.8, 0.87], ['overcomes', 1.29, 1.88], ['all', 1.88, 2.15], ['the', 2.15, 2.24], ['fourth', 2.24, 2.58], ['and', 3.01, 3.2], ['fifth', 3.2, 3.37]], 'word_confidence': [['we', 0.273], ['pay', 0.077], ['for', 0.385], ['it', 0.279], ['overcomes', 0.486], ['all', 0.693], ['the', 0.962], ['fourth', 0.533], ['and', 0.022], ['fifth', 0.008]], 'confidence': 0.407, 'transcript': 'we pay for it overcomes all the fourth and fifth '}]",fourth,0.4086,overcomes,0.6329,all,0.7924,the,0.9408,fourth,0.3971
History_4A_Fall_2007_UC_Berkeley_Lecture_27_State_and_Society_in_the_High_Roman_Empire_20479_chunk_107_149915442541896_count_0_noise_-1_noise_type_White,3b,19.06,19.41,hello there,-1,False,0.3778,0.9073,podcast_lecture,White,hello,there,[]
episode_20080602_132430-0700_chunk_214_149915442541896_count_0_noise_25_noise_type_White,3b,4.53,6.98,with %HESITATION Prazer gifts or something with,25,True,0.9194,0.3332,podcast_lecture,White,something,with,"[{'timestamps': [['with', 0.32, 0.69], ['our', 0.73, 0.86], ['appraiser', 0.86, 1.56], ['gifts', 1.56, 2.08], ['or', 2.08, 2.15], ['something', 2.15, 2.5], ['like', 2.5, 2.62]], 'word_confidence': [['with', 0.793], ['our', 0.366], ['appraiser', 0.399], ['gifts', 0.412], ['or', 0.36], ['something', 0.827], ['like', 0.054]], 'confidence': 0.511, 'transcript': 'with our appraiser gifts or something like '}]",with,0.9637,%HESITATION,0.3399,appraiser,0.6846,gifts,0.3753
TerenceMckenna-TrueHallucinations07-16_chunk_29_149915442541896_count_0_noise_-1_noise_type_White,3b,13.99,16.05,to drop into a super conductive,-1,True,0.8158,0.48,podcast_lecture,White,super,conductive,"[{'timestamps': [['dropping', 0.52, 1.04], ['into', 1.04, 1.23], ['a', 1.23, 1.37], ['superconductor', 1.37, 2.28]], 'word_confidence': [['dropping', 0.098], ['into', 0.452], ['a', 0.583], ['superconductor', 0.361]], 'confidence': 0.311, 'transcript': 'dropping into a superconductor '}]",to,0.5498,drop,0.6653,into,0.7967,a,0.7967,superconductor,0.7863
TerenceMckenna-TrueHallucinations07-16_chunk_56_149915442541896_count_0_noise_6_noise_type_White,3b,2.36,4.31,through having senile Oscar brood,6,True,0.7007,0.3585,podcast_lecture,White,Oscar,brood,"[{'timestamps': [['through', 0.24, 0.46], ['having', 0.46, 0.77], ['a', 0.77, 0.81], ['senile', 0.81, 1.46], ['Oscar', 1.46, 1.83], ['brood', 1.83, 2.17]], 'word_confidence': [['through', 1.0], ['having', 1.0], ['a', 0.362], ['senile', 0.297], ['Oscar', 0.248], ['brood', 0.366]], 'confidence': 0.494, 'transcript': 'through having a senile Oscar brood '}]",through,0.9974,having,0.9964,a,0.558,senile,0.5196,Oscar,0.4452
TerenceMckenna-TrueHallucinations07-16_chunk_46_149915442541896_count_0_noise_28_noise_type_White,3b,17.92,20.91,had polarized into irreconcilable iffy,28,True,0.8863,0.4293,podcast_lecture,White,irreconcilable,iffy,"[{'timestamps': [['polarizing', 0.49, 1.36], ['figure', 1.36, 1.71], ['reconcile', 1.71, 2.53], ['ability', 2.53, 3.17]], 'word_confidence': [['polarizing', 0.484], ['figure', 0.484], ['reconcile', 1.0], ['ability', 0.771]], 'confidence': 0.711, 'transcript': 'polarizing figure reconcile ability '}]",polarizing,0.7648,figure,0.7648,reconcile,1.0,ability,0.9813
History_4A_Fall_2007_UC_Berkeley_Lecture_27_State_and_Society_in_the_High_Roman_Empire_20479_chunk_67_149915442541896_count_0_noise_-1_noise_type_White,3b,3.34,5.15,%HESITATION affair with a beautiful clean,-1,True,0.9641,0.4455,podcast_lecture,White,beautiful,clean,"[{'timestamps': [['warfare', 0.25, 1.05], ['with', 1.05, 1.23], ['nuclear', 1.31, 2.03]], 'word_confidence': [['warfare', 0.017], ['with', 0.905], ['nuclear', 0.004]], 'confidence': 0.105, 'transcript': 'warfare with nuclear '}]",there,0.4548,with,0.6666,medical,0.5682
History_4A_Fall_2007_UC_Berkeley_Lecture_27_State_and_Society_in_the_High_Roman_Empire_20479_chunk_67_149915442541896_count_1_noise_-1_noise_type_White,3b,9.81,11.84,which is demanding that the credit address,-1,False,0.4528,0.8726,podcast_lecture,White,credit,address,"[{'timestamps': [['I', 0.3, 0.35], ['think', 0.35, 0.66], ['more', 0.66, 1.26], ['than', 1.48, 1.73], ['address', 1.78, 2.19]], 'word_confidence': [['I', 0.206], ['think', 0.216], ['more', 0.662], ['than', 0.027], ['address', 0.367]], 'confidence': 0.39, 'transcript': 'I think more than address '}]",we're,0.3903,thinking,0.4987,more,0.6996
wetlands_chunk_58_149915442541896_count_0_noise_-1_noise_type_White,3b,12.32,15.62,an effort it wasn't enough twentieth,-1,False,0.3936,0.8447,podcast_lecture,White,enough,twentieth,"[{'timestamps': [['yeah', 0.38, 0.55], ['but', 0.55, 0.69], ['it', 1.38, 1.57], [""wasn't"", 1.57, 2.06], ['enough', 2.06, 2.43], ['twenty', 3.09, 3.45]], 'word_confidence': [['yeah', 0.601], ['but', 0.164], ['it', 1.0], [""wasn't"", 0.904], ['enough', 0.495], ['twenty', 0.695]], 'confidence': 0.693, 'transcript': ""yeah but it wasn't enough twenty ""}]",yeah,0.844,but,0.7458,it,0.9395,wasn't,0.9304,enough,0.8754,twenty,0.7938
ErosAndTheEschaton_chunk_146_149915442541896_count_0_noise_12_noise_type_White,3b,15.72,19.03,what kind of mental worlds show,12,True,0.7562,0.3897,podcast_lecture,White,worlds,show,"[{'timestamps': [['what', 0.35, 0.68], ['kind', 0.68, 1.3], ['of', 1.3, 1.43], ['mental', 1.43, 2.04], ['world', 2.04, 2.76], ['shall', 3.19, 3.55]], 'word_confidence': [['what', 1.0], ['kind', 1.0], ['of', 0.953], ['mental', 0.107], ['world', 0.465], ['shall', 0.288]], 'confidence': 0.57, 'transcript': 'what kind of mental world shall '}]",what,1.0,kind,1.0,of,0.9894,mental,0.4888,world,0.5777
03TheHashishEater_chunk_38_149915442541896_count_0_noise_0_noise_type_White,3b,16.38,18.69,of a neighboring street light falls full,0,False,0.4588,0.8073,podcast_lecture,White,falls,full,"[{'timestamps': [['of', 0.27, 0.36], ['a', 0.36, 0.41], ['neighboring', 0.41, 0.96], ['street', 0.96, 1.33], ['light', 1.33, 1.68], ['fault', 1.86, 2.24], ['full', 2.31, 2.54]], 'word_confidence': [['of', 0.217], ['a', 0.41], ['neighboring', 0.814], ['street', 0.661], ['light', 0.534], ['fault', 0.167], ['full', 0.407]], 'confidence': 0.533, 'transcript': 'of a neighboring street light fault full '}]",of,0.4818,the,0.5231,neighboring,0.9592,street,0.7727,light,0.7835
TerenceMckenna-TrueHallucinations03-16_chunk_94_149915442541896_count_0_noise_-1_noise_type_White,3b,14.77,17.4,was quick to fade and body strain,-1,False,0.3182,0.8813,podcast_lecture,White,body,strain,"[{'timestamps': [['it', 0.22, 0.28], ['was', 0.28, 0.41], ['quick', 0.41, 0.74], ['to', 0.74, 0.87], ['say', 0.99, 1.54], ['and', 1.81, 2.08], ['body', 2.08, 2.45], ['straight', 2.45, 2.87]], 'word_confidence': [['it', 0.345], ['was', 0.66], ['quick', 0.61], ['to', 0.609], ['say', 0.605], ['and', 0.391], ['body', 0.697], ['straight', 0.317]], 'confidence': 0.538, 'transcript': 'it was quick to say and body straight '}]",it,0.6955,was,0.8995,quick,0.8585,to,0.8533,say,0.8089,and,0.5233,body,0.7425,straight,0.519
History_4A_Fall_2007_UC_Berkeley_Lecture_05_New_Kingdom_Egypt_State_and_Society_c._1500-1000_BC_20457_chunk_58_149915442541896_count_0_noise_10_noise_type_White,3b,17.15,17.84,is that correct your,10,True,0.9127,0.4412,podcast_lecture,White,correct,your,"[{'timestamps': [[""that's"", 0.3, 0.51], ['correct', 0.51, 0.76]], 'word_confidence': [[""that's"", 0.208], ['correct', 0.435]], 'confidence': 0.332, 'transcript': ""that's correct ""}]",that's,0.403,correct,0.4356
TerenceMckenna-TrueHallucinations03-16_chunk_70_149915442541896_count_0_noise_27_noise_type_White,3b,1.98,4.65,and twenty five kilometers show about,27,True,0.8175,0.4335,podcast_lecture,White,show,about,"[{'timestamps': [[""that's"", 0.27, 0.46], ['why', 0.46, 0.72], ['twenty', 0.82, 1.07], ['five', 1.07, 1.44], ['kilometers', 1.44, 2.2], ['show', 2.2, 2.6], ['about', 2.6, 2.88]], 'word_confidence': [[""that's"", 0.373], ['why', 0.278], ['twenty', 1.0], ['five', 1.0], ['kilometers', 1.0], ['show', 0.336], ['about', 0.221]], 'confidence': 0.685, 'transcript': ""that's why twenty five kilometers show about ""}]",that's,0.6405,why,0.4445,twenty,0.9615,five,0.9615,kilometers,0.9445,show,0.4398
TheVoynichManuscript_chunk_77_149915442541896_count_0_noise_26_noise_type_White,3b,5.33,8.18,was Sir Robert S. brown also,26,False,0.4598,0.7927,podcast_lecture,White,brown,also,"[{'timestamps': [['was', 0.27, 0.7], ['the', 0.7, 1.1], ['rapper', 1.19, 1.51], ['death', 1.51, 1.75], ['from', 1.84, 2.12], ['above', 2.12, 2.41], ['also', 2.51, 3.07]], 'word_confidence': [['was', 0.165], ['the', 0.165], ['rapper', 0.187], ['death', 0.169], ['from', 0.896], ['above', 0.207], ['also', 0.347]], 'confidence': 0.295, 'transcript': 'was the rapper death from above also '}]",the,0.3633,Robert,0.6166,also,0.3961
UnfoldingTheLeaf_chunk_17_149915442541896_count_0_noise_-1_noise_type_White,3b,19.36,21.6,I think and you know promote,-1,True,0.877,0.3843,podcast_lecture,White,know,promote,"[{'timestamps': [['all', 0.67, 0.88], ['of', 0.88, 0.99], ['this', 0.99, 1.15], ['will', 1.72, 1.84], ['help', 1.84, 2.06], ['promote', 2.06, 2.47]], 'word_confidence': [['all', 0.187], ['of', 0.452], ['this', 0.231], ['will', 0.3], ['help', 0.3], ['promote', 0.735]], 'confidence': 0.431, 'transcript': 'all of this will help promote '}]",will,0.7295,help,0.8279,promote,0.9143
wetlands_chunk_56_149915442541896_count_0_noise_20_noise_type_White,3b,4.38,7.89,you've noticed that nobody <eps> killing more,20,False,0.3816,0.9482,podcast_lecture,White,killing,more,"[{'timestamps': [['NBI', 0.17, 1.96], ['frequently', 1.96, 2.57], ['insistently', 2.57, 3.34], ['more', 3.34, 3.69]], 'word_confidence': [['NBI', 0.278], ['frequently', 0.071], ['insistently', 0.336], ['more', 0.55]], 'confidence': 0.282, 'transcript': 'NBI frequently insistently more '}]",NBI,0.4274,frequently,0.3281
FinneginsWake_chunk_3_149915442541896_count_0_noise_15_noise_type_White,3b,6.09,8.64,more worried spend most fictional writing,15,True,0.87,0.4488,podcast_lecture,White,fictional,writing,"[{'timestamps': [['more', 0.36, 0.61], ['words', 0.61, 1.04], ['than', 1.04, 1.28], ['most', 1.4, 1.85], ['fiction', 1.85, 2.23], ['online', 2.23, 2.65]], 'word_confidence': [['more', 0.911], ['words', 0.533], ['than', 0.307], ['most', 0.507], ['fiction', 0.154], ['online', 0.056]], 'confidence': 0.388, 'transcript': 'more words than most fiction online '}]",more,0.9952,words,0.9347,than,0.8922,most,0.9255,fictional,0.4436
History_4A_Fall_2007_UC_Berkeley_Lecture_22_Violence_and_Civil_War_The_Fall_of_the_Roman_Republic_20474_chunk_56_149915442541896_count_0_noise_-1_noise_type_White,3b,10.55,12.81,the parking empire so no we're Syria,-1,False,0.4992,0.9063,podcast_lecture,White,we're,Syria,"[{'timestamps': [['the', 0.24, 0.32], ['part', 0.32, 0.58], ['higher', 0.92, 1.25], ['so', 1.52, 1.71], ['know', 1.71, 1.93], [""we're"", 1.93, 2.09], ['serious', 2.09, 2.51]], 'word_confidence': [['the', 0.415], ['part', 0.633], ['higher', 0.805], ['so', 1.0], ['know', 0.964], [""we're"", 0.445], ['serious', 0.458]], 'confidence': 0.68, 'transcript': ""the part higher so know we're serious ""}]",the,0.69,part,0.6934,<eps>,0.8451,higher,0.6806,so,0.8938,know,0.498,we're,0.9107,serious,0.8715
UnfoldingTheLeaf_chunk_12_149915442541896_count_0_noise_13_noise_type_White,3b,10.24,13.49,out of Africa the obvious substitute,13,True,0.9483,0.4003,podcast_lecture,White,obvious,substitute,"[{'timestamps': [['out', 0.29, 0.53], ['of', 0.53, 0.66], ['Africa', 0.66, 1.51], ['the', 1.87, 2.03], ['obvious', 2.03, 2.51], ['up', 2.67, 2.9], ['to', 3.17, 3.45]], 'word_confidence': [['out', 0.861], ['of', 0.846], ['Africa', 0.358], ['the', 0.186], ['obvious', 0.253], ['up', 0.185], ['to', 0.767]], 'confidence': 0.434, 'transcript': 'out of Africa the obvious up to '}]",out,0.989,of,0.9689,Africa,0.798,the,0.4588,obvious,0.4297
TerenceMckenna-TrueHallucinations05-16_chunk_84_149915442541896_count_1_noise_29_noise_type_White,3b,11.02,13.51,identical to the first experience almost idea,29,True,0.9911,0.3614,podcast_lecture,White,almost,idea,"[{'timestamps': [['Dr', 0.75, 0.95], ['first', 1.16, 1.49], ['experiment', 1.49, 2.21], ['what', 2.21, 2.39], ['they', 2.39, 2.52], ['get', 2.52, 2.71]], 'word_confidence': [['Dr', 0.361], ['first', 1.0], ['experiment', 0.838], ['what', 0.086], ['they', 0.36], ['get', 0.17]], 'confidence': 0.629, 'transcript': 'Dr first experiment what they get '}]",yeah,0.7363,<eps>,0.5256,first,0.6976,experiment,0.5909,they,0.6388,get,0.4408
TerenceMckenna-TrueHallucinations09-16_chunk_46_149915442541896_count_0_noise_21_noise_type_White,3b,13.54,15.85,that he might receive a reverse image,21,True,0.951,0.4834,podcast_lecture,White,reverse,image,"[{'timestamps': [['that', 0.27, 0.39], ['they', 0.39, 0.46], ['might', 0.46, 0.97], ['receive', 0.97, 1.46], ['a', 1.46, 1.52], ['reverse', 1.52, 2.15], ['in', 2.15, 2.27], ['a', 2.27, 2.47]], 'word_confidence': [['that', 0.307], ['they', 0.22], ['might', 0.391], ['receive', 0.774], ['a', 0.448], ['reverse', 0.39], ['in', 0.471], ['a', 0.881]], 'confidence': 0.516, 'transcript': 'that they might receive a reverse in a '}]",that,0.775,they,0.8179,might,0.936,receive,0.8892,a,0.5567,reverse,0.4646,in,0.5689,a,0.8838
TerenceMckenna-TrueHallucinations08-16_chunk_57_149915442541896_count_0_noise_16_noise_type_White,3b,5.1,7.86,Dennis story within the main thing head,16,True,0.9559,0.3816,podcast_lecture,White,thing,head,"[{'timestamps': [['Paris', 0.36, 0.77], ['story', 0.8, 1.22], ['with', 1.22, 1.44], ['a', 1.44, 1.56], ['megaphone', 1.56, 2.32]], 'word_confidence': [['Paris', 0.234], ['story', 1.0], ['with', 0.625], ['a', 0.411], ['megaphone', 0.053]], 'confidence': 0.385, 'transcript': 'Paris story with a megaphone '}]",Paris,0.7107,story,0.9406,with,0.6795,a,0.6203,male,0.3169
01Y2k-Palenque1-7CombinedJan161999_chunk_93_149915442541896_count_0_noise_22_noise_type_White,3b,4.78,7.99,come come from Harlem,22,True,0.8259,0.264,podcast_lecture,White,from,Harlem,"[{'timestamps': [['some', 0.54, 0.69], ['may', 0.69, 0.87], ['come', 1.33, 1.61], ['from', 1.61, 1.94]], 'word_confidence': [['some', 0.1], ['may', 0.087], ['come', 0.404], ['from', 0.325]], 'confidence': 0.267, 'transcript': 'some may come from '}, {'timestamps': [['%HESITATION', 2.91, 3.4]], 'word_confidence': [['%HESITATION', 0.747]], 'confidence': 0.747, 'transcript': '%HESITATION '}]",%HESITATION,0.9696
History_4A_Fall_2007_UC_Berkeley_Lecture_24_Monarchy_at_Rome_The_Age_of_Augustus_20476_chunk_6_149915442541896_count_0_noise_12_noise_type_White,3b,9.21,11.67,turned her mind south with,12,False,0.3818,0.9731,podcast_lecture,White,south,with,"[{'timestamps': [['turned', 0.28, 0.7], ['her', 0.7, 0.86], ['mind', 0.86, 1.44], ['Sallust', 1.86, 2.55], ['with', 2.55, 2.68]], 'word_confidence': [['turned', 0.387], ['her', 0.751], ['mind', 0.434], ['Sallust', 0.096], ['with', 0.185]], 'confidence': 0.315, 'transcript': 'turned her mind Sallust with '}]",turned,0.6626,her,0.8874,mind,0.7716
History_4A_Fall_2007_UC_Berkeley_Lecture_28_Crisis_and_Recovery_AD_161-337_20480_chunk_47_149915442541896_count_0_noise_-1_noise_type_White,3b,1.72,4.05,Gallienus who actually managed to reign from,-1,False,0.3046,0.9899,podcast_lecture,White,reign,from,"[{'timestamps': [['that', 0.22, 0.42], ['way', 0.42, 0.64], ['north', 0.64, 1.0], ['who', 1.13, 1.23], ['actually', 1.23, 1.67], ['managed', 1.67, 2.1], ['to', 2.1, 2.18], ['reign', 2.18, 2.4], ['for', 2.4, 2.56]], 'word_confidence': [['that', 0.811], ['way', 0.14], ['north', 0.194], ['who', 0.944], ['actually', 1.0], ['managed', 0.698], ['to', 0.885], ['reign', 0.804], ['for', 0.512]], 'confidence': 0.646, 'transcript': 'that way north who actually managed to reign for '}]",that,0.9537,we,0.406,who,0.7135,actually,0.9107,managed,0.9325,to,0.9138,reign,0.4627,for,0.6158
episode_20080513_165553-0700_chunk_74_149915442541896_count_0_noise_12_noise_type_White,3b,4.16,6.67,your pituitary gland telling neutrinos what,12,False,0.371,0.7173,podcast_lecture,White,neutrinos,what,"[{'timestamps': [['dear', 0.22, 0.45], ['territory', 0.82, 1.34], ['glanced', 1.34, 1.82], ['telling', 1.82, 2.06], ['your', 2.06, 2.21], ['trails', 2.21, 2.59], ['what', 2.59, 2.75]], 'word_confidence': [['dear', 0.156], ['territory', 0.976], ['glanced', 0.169], ['telling', 0.663], ['your', 0.774], ['trails', 0.391], ['what', 0.336]], 'confidence': 0.51, 'transcript': 'dear territory glanced telling your trails what '}]",dear,0.3676,territory,0.7671,telling,0.6793,your,0.7893,trails,0.5326,what,0.4674
01Y2k-Palenque1-7CombinedJan161999_chunk_159_149915442541896_count_0_noise_-1_noise_type_White,3b,11.4,13.09,we talk about connecting them,-1,True,0.7113,0.447,podcast_lecture,White,connecting,them,"[{'timestamps': [['we', 0.29, 0.43], ['talk', 0.43, 0.73], ['about', 0.73, 1.06], ['and', 1.19, 1.34], ['next', 1.34, 1.6], ['thing', 1.6, 1.74], ['you', 1.74, 1.8], ['know', 1.8, 1.88]], 'word_confidence': [['we', 1.0], ['talk', 0.694], ['about', 0.904], ['and', 0.309], ['next', 0.202], ['thing', 0.173], ['you', 0.139], ['know', 0.21]], 'confidence': 0.545, 'transcript': 'we talk about and next thing you know '}]",we,1.0,talk,0.9395,about,0.9712
History_4A_Fall_2007_UC_Berkeley_Lecture_31_Twilight_in_the_West_20483_chunk_81_149915442541896_count_0_noise_14_noise_type_White,3b,1.19,4.25,Jesse was concerned about concrete from,14,True,0.9582,0.3493,podcast_lecture,White,concrete,from,"[{'timestamps': [['yes', 0.27, 0.46], ['he', 0.46, 0.55], ['was', 0.55, 0.7], ['concerned', 0.7, 1.18], ['about', 1.72, 2.04], ['concrete', 2.23, 2.7], ['from', 3.11, 3.27]], 'word_confidence': [['yes', 0.372], ['he', 0.357], ['was', 0.915], ['concerned', 0.991], ['about', 0.988], ['concrete', 0.181], ['from', 0.689]], 'confidence': 0.66, 'transcript': 'yes he was concerned about concrete from '}]",yes,0.6145,he,0.7647,was,0.97,concerned,0.9636,about,0.9722,currently,0.3442,from,0.7877
History_4A_Fall_2007_UC_Berkeley_Lecture_28_Crisis_and_Recovery_AD_161-337_20480_chunk_109_149915442541896_count_0_noise_-1_noise_type_White,3b,21.67,24.04,the economy as or member cornered been,-1,False,0.4683,0.9322,podcast_lecture,White,cornered,been,"[{'timestamps': [['the', 0.2, 0.37], ['economy', 0.37, 0.88], ['as', 0.93, 1.18], ['a', 1.18, 1.24], ['remember', 1.24, 1.82], ['going', 2.08, 2.34], ['to', 2.34, 2.43], ['be', 2.43, 2.6]], 'word_confidence': [['the', 0.556], ['economy', 0.994], ['as', 0.741], ['a', 0.145], ['remember', 0.305], ['going', 0.263], ['to', 0.236], ['be', 0.349]], 'confidence': 0.536, 'transcript': 'the economy as a remember going to be '}]",the,0.7569,economy,0.9959,as,0.8775,you'll,0.3292,remember,0.5649,going,0.4241,to,0.5016
