Google_IO_2017_chunk_196_1497534345207332_count_1_noise_19_noise_type_White,4,of this here on that working have,19,"{'end_time': 4.08, 'confidence': 0.7978, 'length': 2, 'word': 'of', 'start_time': 3.98}; {'end_time': 4.25, 'confidence': 0.9999, 'length': 4, 'word': 'this', 'start_time': 4.08}; {'end_time': 4.39, 'confidence': 0.4837, 'length': 4, 'word': 'here', 'start_time': 4.25}; {'end_time': 4.51, 'confidence': 0.9936, 'length': 2, 'word': 'on', 'start_time': 4.39}; {'end_time': 4.68, 'confidence': 0.9908, 'length': 4, 'word': 'that', 'start_time': 4.51}; {'end_time': 5.0, 'confidence': 0.9942, 'length': 7, 'word': 'working', 'start_time': 4.68}; {'end_time': 5.16, 'confidence': 0.2632, 'length': 4, 'word': 'have', 'start_time': 5.0}",lecture,White,"[{'confidence': 0.693, 'timestamps': [['if', 0.37, 0.53], [""you're"", 0.53, 0.67], ['on', 0.67, 0.78], ['that', 0.78, 0.96], ['working', 0.96, 1.29]], 'transcript': ""if you're on that working "", 'word_confidence': [['if', 0.391], [""you're"", 0.266], ['on', 0.761], ['that', 0.788], ['working', 0.945]]}]",this,if,0.6135,you're,0.4007,on,0.7891,that,0.787,working,0.9771
Google_IO_2017_chunk_196_1497534345207332_count_2_noise_-1_noise_type_White,4,that working have processing happens on the,-1,"{'end_time': 4.68, 'confidence': 0.9908, 'length': 4, 'word': 'that', 'start_time': 4.51}; {'end_time': 5.0, 'confidence': 0.9942, 'length': 7, 'word': 'working', 'start_time': 4.68}; {'end_time': 5.16, 'confidence': 0.2632, 'length': 4, 'word': 'have', 'start_time': 5.0}; {'end_time': 5.67, 'confidence': 0.5184, 'length': 10, 'word': 'processing', 'start_time': 5.16}; {'end_time': 6.02, 'confidence': 0.9579, 'length': 7, 'word': 'happens', 'start_time': 5.67}; {'end_time': 6.26, 'confidence': 0.9805, 'length': 2, 'word': 'on', 'start_time': 6.05}; {'end_time': 6.35, 'confidence': 0.6327, 'length': 3, 'word': 'the', 'start_time': 6.26}",lecture,White,"[{'confidence': 0.616, 'timestamps': [['not', 0.22, 0.41], ['working', 0.41, 0.75], ['have', 0.75, 0.9], ['processing', 0.9, 1.41], ['happens', 1.41, 1.76], ['on', 1.79, 2.0], ['the', 2.0, 2.1]], 'transcript': 'not working have processing happens on the ', 'word_confidence': [['not', 0.497], ['working', 0.86], ['have', 0.128], ['processing', 0.441], ['happens', 0.762], ['on', 0.816], ['the', 0.708]]}]",that,not,0.8531,working,0.9104,have,0.4648,processing,0.7967,happens,0.9118,on,0.9786,the,0.9681
Western_Philosophy_chunk_79_1497534345207332_count_0_noise_-1_noise_type_White,4,bought chiefs for us the limited perfection,-1,"{'end_time': 7.65, 'confidence': 0.8055, 'length': 6, 'word': 'bought', 'start_time': 7.36}; {'end_time': 8.92, 'confidence': 0.2439, 'length': 6, 'word': 'chiefs', 'start_time': 8.55}; {'end_time': 9.08, 'confidence': 0.932, 'length': 3, 'word': 'for', 'start_time': 8.94}; {'end_time': 9.38, 'confidence': 0.8936, 'length': 2, 'word': 'us', 'start_time': 9.08}; {'end_time': 10.01, 'confidence': 0.7458, 'length': 3, 'word': 'the', 'start_time': 9.91}; {'end_time': 10.4, 'confidence': 0.994, 'length': 7, 'word': 'limited', 'start_time': 10.01}; {'end_time': 10.92, 'confidence': 0.92, 'length': 10, 'word': 'perfection', 'start_time': 10.4}",lecture,White,"[{'confidence': 0.679, 'timestamps': [['what', 0.23, 0.53]], 'transcript': 'what ', 'word_confidence': [['what', 0.679]]}, {'confidence': 0.076, 'timestamps': [['achieve', 1.38, 1.76], ['surprise', 1.76, 2.26]], 'transcript': 'achieve surprise ', 'word_confidence': [['achieve', 0.102], ['surprise', 0.056]]}, {'confidence': 0.738, 'timestamps': [['the', 2.78, 2.9], ['limited', 2.9, 3.29], ['perfection', 3.29, 3.79]], 'transcript': 'the limited perfection ', 'word_confidence': [['the', 0.467], ['limited', 0.951], ['perfection', 0.636]]}]",bought,what,0.9775,chiefs,0.2411,for,0.7318,us,0.7218,the,0.7518,limited,0.9917,perfection,0.9413
Western_Philosophy_chunk_58_1497534345207332_count_0_noise_15_noise_type_White,4,sense of what he sought to be,15,"{'end_time': 3.95, 'confidence': 1.0, 'length': 5, 'word': 'sense', 'start_time': 3.46}; {'end_time': 4.08, 'confidence': 1.0, 'length': 2, 'word': 'of', 'start_time': 3.95}; {'end_time': 4.33, 'confidence': 1.0, 'length': 4, 'word': 'what', 'start_time': 4.08}; {'end_time': 4.5, 'confidence': 0.9966, 'length': 2, 'word': 'he', 'start_time': 4.33}; {'end_time': 4.85, 'confidence': 0.4461, 'length': 6, 'word': 'sought', 'start_time': 4.5}; {'end_time': 4.91, 'confidence': 0.975, 'length': 2, 'word': 'to', 'start_time': 4.85}; {'end_time': 5.08, 'confidence': 0.9989, 'length': 2, 'word': 'be', 'start_time': 4.91}",lecture,White,"[{'confidence': 0.265, 'timestamps': [['sense', 0.24, 0.74], ['of', 0.74, 0.89], ['what', 0.89, 1.11], ['he', 1.11, 1.27], ['thought', 1.27, 1.65], ['of', 1.65, 1.71], ['the', 1.71, 1.85]], 'transcript': 'sense of what he thought of the ', 'word_confidence': [['sense', 0.332], ['of', 0.295], ['what', 0.116], ['he', 0.787], ['thought', 0.106], ['of', 0.039], ['the', 0.157]]}]",sense,sense,0.4395,of,0.4397,he,0.7543,sold,0.2339,be,0.619
Western_Philosophy_chunk_58_1497534345207332_count_1_noise_-1_noise_type_White,4,idea of philosophy he is were turned,-1,"{'end_time': 13.42, 'confidence': 0.5134, 'length': 4, 'word': 'idea', 'start_time': 13.17}; {'end_time': 13.49, 'confidence': 0.4651, 'length': 2, 'word': 'of', 'start_time': 13.42}; {'end_time': 13.95, 'confidence': 0.3833, 'length': 10, 'word': 'philosophy', 'start_time': 13.49}; {'end_time': 14.67, 'confidence': 0.9916, 'length': 2, 'word': 'he', 'start_time': 14.43}; {'end_time': 14.83, 'confidence': 0.9146, 'length': 2, 'word': 'is', 'start_time': 14.67}; {'end_time': 14.96, 'confidence': 0.8813, 'length': 4, 'word': 'were', 'start_time': 14.83}; {'end_time': 15.27, 'confidence': 0.9951, 'length': 6, 'word': 'turned', 'start_time': 14.96}",lecture,White,"[{'confidence': 0.515, 'timestamps': [['earlier', 0.25, 0.54], ['philosophers', 0.54, 1.22], ['he', 1.51, 1.75], ['is', 1.75, 1.91], ['returned', 1.91, 2.33]], 'transcript': 'earlier philosophers he is returned ', 'word_confidence': [['earlier', 0.091], ['philosophers', 0.966], ['he', 0.561], ['is', 0.551], ['returned', 0.038]]}]",were,earlier,0.6453,philosophers,0.9782,he,0.9411,is,0.6483,returned,0.281
Western_Philosophy_chunk_58_1497534345207332_count_2_noise_-1_noise_type_White,4,that people were too ready to accept,-1,"{'end_time': 21.33, 'confidence': 0.7794, 'length': 4, 'word': 'that', 'start_time': 21.18}; {'end_time': 21.71, 'confidence': 0.9894, 'length': 6, 'word': 'people', 'start_time': 21.33}; {'end_time': 21.82, 'confidence': 0.4502, 'length': 4, 'word': 'were', 'start_time': 21.71}; {'end_time': 22.04, 'confidence': 0.5563, 'length': 3, 'word': 'too', 'start_time': 21.82}; {'end_time': 22.38, 'confidence': 1.0, 'length': 5, 'word': 'ready', 'start_time': 22.04}; {'end_time': 22.53, 'confidence': 1.0, 'length': 2, 'word': 'to', 'start_time': 22.38}; {'end_time': 22.96, 'confidence': 1.0, 'length': 6, 'word': 'accept', 'start_time': 22.53}",lecture,White,"[{'confidence': 0.911, 'timestamps': [['the', 0.2, 0.37], ['people', 0.37, 0.78], ['were', 0.78, 0.89], ['too', 0.89, 1.11], ['ready', 1.11, 1.45], ['to', 1.45, 1.6], ['accept', 1.6, 2.02]], 'transcript': 'the people were too ready to accept ', 'word_confidence': [['the', 0.703], ['people', 0.983], ['were', 0.267], ['too', 0.887], ['ready', 1.0], ['to', 1.0], ['accept', 1.0]]}]",that,the,0.9602,people,1.0,were,0.6213,too,0.5812,ready,0.9984,to,1.0,accept,0.9913
google_Documentary_chunk_83_1497534345207332_count_0_noise_15_noise_type_White,4,in reach they really make for such,15,"{'end_time': 15.51, 'confidence': 0.6008, 'length': 2, 'word': 'in', 'start_time': 15.38}; {'end_time': 15.9, 'confidence': 0.9969, 'length': 5, 'word': 'reach', 'start_time': 15.51}; {'end_time': 16.12, 'confidence': 0.313, 'length': 4, 'word': 'they', 'start_time': 16.03}; {'end_time': 16.36, 'confidence': 0.9895, 'length': 6, 'word': 'really', 'start_time': 16.15}; {'end_time': 16.58, 'confidence': 0.9966, 'length': 4, 'word': 'make', 'start_time': 16.36}; {'end_time': 16.69, 'confidence': 0.9999, 'length': 3, 'word': 'for', 'start_time': 16.58}; {'end_time': 16.91, 'confidence': 1.0, 'length': 4, 'word': 'such', 'start_time': 16.69}",lecture,White,"[{'confidence': 0.539, 'timestamps': [['rich', 0.36, 0.78], ['and', 0.88, 1.04], ['really', 1.04, 1.24], ['make', 1.24, 1.44], ['for', 1.44, 1.55], ['such', 1.55, 1.74]], 'transcript': 'rich and really make for such ', 'word_confidence': [['rich', 0.19], ['and', 0.239], ['really', 0.78], ['make', 0.978], ['for', 1.0], ['such', 0.581]]}]",reach,reach,0.4829,and,0.5546,really,0.9673,make,0.9919,for,0.9994,such,0.6956
Yoshua_Bengio_chunk_23_1497534345207332_count_0_noise_8_noise_type_White,4,in the next life and then of,8,"{'end_time': 3.94, 'confidence': 0.6219, 'length': 2, 'word': 'in', 'start_time': 3.88}; {'end_time': 4.0, 'confidence': 0.9021, 'length': 3, 'word': 'the', 'start_time': 3.94}; {'end_time': 4.31, 'confidence': 0.9966, 'length': 4, 'word': 'next', 'start_time': 4.0}; {'end_time': 4.57, 'confidence': 0.3881, 'length': 4, 'word': 'life', 'start_time': 4.31}; {'end_time': 5.03, 'confidence': 0.9709, 'length': 3, 'word': 'and', 'start_time': 4.86}; {'end_time': 5.14, 'confidence': 0.5625, 'length': 4, 'word': 'then', 'start_time': 5.03}; {'end_time': 5.26, 'confidence': 0.9868, 'length': 2, 'word': 'of', 'start_time': 5.14}",lecture,White,"[{'confidence': 0.718, 'timestamps': [['and', 1.24, 1.51], ['if', 1.51, 1.62]], 'transcript': 'and if ', 'word_confidence': [['and', 0.763], ['if', 0.605]]}]",next,and,0.9992,if,0.8533
Yoshua_Bengio_chunk_47_1497534345207332_count_0_noise_0_noise_type_White,4,at least company that as always this,0,"{'end_time': 10.05, 'confidence': 0.9328, 'length': 2, 'word': 'at', 'start_time': 9.91}; {'end_time': 10.32, 'confidence': 0.9948, 'length': 5, 'word': 'least', 'start_time': 10.05}; {'end_time': 10.88, 'confidence': 0.3796, 'length': 7, 'word': 'company', 'start_time': 10.32}; {'end_time': 11.11, 'confidence': 0.7054, 'length': 4, 'word': 'that', 'start_time': 10.88}; {'end_time': 11.22, 'confidence': 0.347, 'length': 2, 'word': 'as', 'start_time': 11.11}; {'end_time': 11.53, 'confidence': 0.6019, 'length': 6, 'word': 'always', 'start_time': 11.22}; {'end_time': 11.75, 'confidence': 0.6282, 'length': 4, 'word': 'this', 'start_time': 11.53}",lecture,White,"[{'confidence': 0.467, 'timestamps': [['at', 0.28, 0.39], ['least', 0.39, 0.66], ['company', 0.66, 1.22], [""that's"", 1.22, 1.55], ['always', 1.55, 1.87], ['there', 1.87, 2.0]], 'transcript': ""at least company that's always there "", 'word_confidence': [['at', 0.976], ['least', 1.0], ['company', 0.26], [""that's"", 0.247], ['always', 0.539], ['there', 0.198]]}]",that,at,1.0,least,1.0,company,0.6883,that's,0.5757,always,0.7649,there,0.404
Shakespeare_chunk_83_1497534345207332_count_0_noise_-1_noise_type_White,4,tavern skits improvise by full stuff and,-1,"{'end_time': 15.35, 'confidence': 0.9086, 'length': 6, 'word': 'tavern', 'start_time': 14.87}; {'end_time': 15.81, 'confidence': 0.9499, 'length': 5, 'word': 'skits', 'start_time': 15.35}; {'end_time': 16.53, 'confidence': 0.7821, 'length': 9, 'word': 'improvise', 'start_time': 15.81}; {'end_time': 16.99, 'confidence': 0.9183, 'length': 2, 'word': 'by', 'start_time': 16.83}; {'end_time': 17.32, 'confidence': 0.4955, 'length': 4, 'word': 'full', 'start_time': 16.99}; {'end_time': 17.72, 'confidence': 0.4921, 'length': 5, 'word': 'stuff', 'start_time': 17.32}; {'end_time': 17.93, 'confidence': 0.9903, 'length': 3, 'word': 'and', 'start_time': 17.72}",lecture,White,"[{'confidence': 0.605, 'timestamps': [['tavern', 0.3, 0.73], ['skits', 0.73, 1.19], ['improvise', 1.19, 1.91], ['by', 2.21, 2.37], ['full', 2.37, 2.7], ['stuff', 2.7, 3.1], ['and', 3.1, 3.29]], 'transcript': 'tavern skits improvise by full stuff and ', 'word_confidence': [['tavern', 0.064], ['skits', 0.859], ['improvise', 0.642], ['by', 1.0], ['full', 0.403], ['stuff', 0.664], ['and', 0.962]]}]",tavern,tavern,0.2082,skits,0.9587,improvise,0.7398,by,0.9104,full,0.5719,stuff,0.7796,and,0.9955
Western_Philosophy_chunk_115_1497534345207332_count_0_noise_14_noise_type_White,4,there is a first calls then he,14,"{'end_time': 2.65, 'confidence': 0.8994, 'length': 5, 'word': 'there', 'start_time': 2.43}; {'end_time': 2.79, 'confidence': 0.7346, 'length': 2, 'word': 'is', 'start_time': 2.65}; {'end_time': 2.84, 'confidence': 0.7245, 'length': 1, 'word': 'a', 'start_time': 2.79}; {'end_time': 3.26, 'confidence': 0.5727, 'length': 5, 'word': 'first', 'start_time': 2.84}; {'end_time': 3.68, 'confidence': 0.387, 'length': 5, 'word': 'calls', 'start_time': 3.26}; {'end_time': 4.53, 'confidence': 1.0, 'length': 4, 'word': 'then', 'start_time': 4.33}; {'end_time': 4.62, 'confidence': 1.0, 'length': 2, 'word': 'he', 'start_time': 4.53}",lecture,White,"[{'confidence': 0.662, 'timestamps': [['there', 0.29, 0.47], ['is', 0.47, 0.61], ['a', 0.61, 0.66], ['first', 0.66, 1.07], ['course', 1.07, 1.5], ['then', 2.15, 2.4]], 'transcript': 'there is a first course then ', 'word_confidence': [['there', 0.192], ['is', 0.377], ['a', 0.318], ['first', 0.98], ['course', 0.662], ['then', 0.709]]}]",there,there,0.4334,a,0.7481,first,0.9897,course,0.9633,then,0.9561
American_Civil_War_chunk_72_1497534345207332_count_0_noise_11_noise_type_White,4,to these very wealthy slaveholders so we,11,"{'end_time': 4.46, 'confidence': 1.0, 'length': 2, 'word': 'to', 'start_time': 4.36}; {'end_time': 4.78, 'confidence': 1.0, 'length': 5, 'word': 'these', 'start_time': 4.46}; {'end_time': 5.06, 'confidence': 1.0, 'length': 4, 'word': 'very', 'start_time': 4.83}; {'end_time': 5.46, 'confidence': 1.0, 'length': 7, 'word': 'wealthy', 'start_time': 5.06}; {'end_time': 6.39, 'confidence': 0.4894, 'length': 12, 'word': 'slaveholders', 'start_time': 5.71}; {'end_time': 6.53, 'confidence': 0.9648, 'length': 2, 'word': 'so', 'start_time': 6.39}; {'end_time': 6.64, 'confidence': 0.9976, 'length': 2, 'word': 'we', 'start_time': 6.53}",lecture,White,"[{'confidence': 0.693, 'timestamps': [['very', 0.72, 0.95], ['wealthy', 0.95, 1.33], ['slaveholders', 1.6, 2.28], ['so', 2.28, 2.42], ['we', 2.42, 2.54]], 'transcript': 'very wealthy slaveholders so we ', 'word_confidence': [['very', 0.966], ['wealthy', 0.995], ['slaveholders', 0.393], ['so', 0.932], ['we', 0.626]]}]",these,very,1.0,wealthy,0.9997,slaveholders,0.5994,so,0.9853,we,0.9718
Albert_Einstein_chunk_188_1497534345207332_count_0_noise_-1_noise_type_White,4,undersea cables people tearing news all over,-1,"{'end_time': 3.4, 'confidence': 1.0, 'length': 8, 'word': 'undersea', 'start_time': 2.97}; {'end_time': 3.98, 'confidence': 1.0, 'length': 6, 'word': 'cables', 'start_time': 3.4}; {'end_time': 4.25, 'confidence': 0.9859, 'length': 6, 'word': 'people', 'start_time': 3.98}; {'end_time': 4.82, 'confidence': 0.4142, 'length': 7, 'word': 'tearing', 'start_time': 4.41}; {'end_time': 5.2, 'confidence': 0.9999, 'length': 4, 'word': 'news', 'start_time': 4.82}; {'end_time': 5.37, 'confidence': 0.9999, 'length': 3, 'word': 'all', 'start_time': 5.2}; {'end_time': 5.48, 'confidence': 0.9683, 'length': 4, 'word': 'over', 'start_time': 5.37}",lecture,White,"[{'confidence': 0.822, 'timestamps': [['undersea', 0.24, 0.69], ['cables', 0.69, 1.26], ['people', 1.26, 1.54], ['tearing', 1.69, 2.1], ['news', 2.1, 2.48], ['all', 2.48, 2.65], ['of', 2.65, 2.73]], 'transcript': 'undersea cables people tearing news all of ', 'word_confidence': [['undersea', 1.0], ['cables', 1.0], ['people', 1.0], ['tearing', 0.192], ['news', 1.0], ['all', 0.785], ['of', 0.395]]}]",over,undersea,1.0,cables,1.0,people,1.0,<eps>,0.5447,tearing,0.4843,news,0.989,all,0.9475,of,0.8243
American_revolution_lecture_chunk_107_1497534345207332_count_0_noise_-1_noise_type_White,4,to say you represent the sampling when,-1,"{'end_time': 10.13, 'confidence': 0.9014, 'length': 2, 'word': 'to', 'start_time': 10.04}; {'end_time': 10.29, 'confidence': 0.9316, 'length': 3, 'word': 'say', 'start_time': 10.13}; {'end_time': 10.37, 'confidence': 0.4923, 'length': 3, 'word': 'you', 'start_time': 10.29}; {'end_time': 10.96, 'confidence': 0.9588, 'length': 9, 'word': 'represent', 'start_time': 10.37}; {'end_time': 11.03, 'confidence': 0.8128, 'length': 3, 'word': 'the', 'start_time': 10.96}; {'end_time': 11.44, 'confidence': 0.4013, 'length': 8, 'word': 'sampling', 'start_time': 11.03}; {'end_time': 11.57, 'confidence': 0.9975, 'length': 4, 'word': 'when', 'start_time': 11.44}",lecture,White,"[{'confidence': 0.643, 'timestamps': [['say', 0.22, 0.52], ['a', 0.52, 0.59], ['represent', 0.59, 1.17], ['the', 1.17, 1.24], ['sum', 1.24, 1.53], ['we', 1.53, 1.63], ['would', 1.63, 1.79]], 'transcript': 'say a represent the sum we would ', 'word_confidence': [['say', 0.741], ['a', 0.864], ['represent', 0.923], ['the', 0.728], ['sum', 0.201], ['we', 0.351], ['would', 0.296]]}]",when,say,0.8967,a,0.9136,represent,0.9791,the,0.9148,simply,0.2119,would,0.5083
American_revolution_lecture_chunk_107_1497534345207332_count_1_noise_27_noise_type_White,4,the sampling when you look at represent,27,"{'end_time': 11.03, 'confidence': 0.8128, 'length': 3, 'word': 'the', 'start_time': 10.96}; {'end_time': 11.44, 'confidence': 0.4013, 'length': 8, 'word': 'sampling', 'start_time': 11.03}; {'end_time': 11.57, 'confidence': 0.9975, 'length': 4, 'word': 'when', 'start_time': 11.44}; {'end_time': 11.66, 'confidence': 0.999, 'length': 3, 'word': 'you', 'start_time': 11.57}; {'end_time': 11.82, 'confidence': 0.9992, 'length': 4, 'word': 'look', 'start_time': 11.66}; {'end_time': 11.89, 'confidence': 0.8257, 'length': 2, 'word': 'at', 'start_time': 11.82}; {'end_time': 12.36, 'confidence': 1.0, 'length': 9, 'word': 'represent', 'start_time': 11.89}",lecture,White,"[{'confidence': 0.38, 'timestamps': [['December', 0.23, 0.71], ['when', 0.71, 0.88], ['looking', 0.88, 1.18], ['represent', 1.18, 1.64]], 'transcript': 'December when looking represent ', 'word_confidence': [['December', 0.173], ['when', 0.676], ['looking', 0.292], ['represent', 0.544]]}]",look,December,0.3365,when,0.803,looking,0.6248,represent,0.6926
American_revolution_lecture_chunk_107_1497534345207332_count_2_noise_23_noise_type_White,4,look at that represent assembly you should,23,"{'end_time': 19.89, 'confidence': 0.9999, 'length': 4, 'word': 'look', 'start_time': 19.75}; {'end_time': 19.96, 'confidence': 0.9964, 'length': 2, 'word': 'at', 'start_time': 19.89}; {'end_time': 20.12, 'confidence': 0.9981, 'length': 4, 'word': 'that', 'start_time': 19.96}; {'end_time': 20.53, 'confidence': 0.9323, 'length': 9, 'word': 'represent', 'start_time': 20.12}; {'end_time': 20.9, 'confidence': 0.3315, 'length': 8, 'word': 'assembly', 'start_time': 20.53}; {'end_time': 21.02, 'confidence': 0.9636, 'length': 3, 'word': 'you', 'start_time': 20.9}; {'end_time': 21.21, 'confidence': 0.9875, 'length': 6, 'word': 'should', 'start_time': 21.02}",lecture,White,"[{'confidence': 0.38, 'timestamps': [['look', 0.23, 0.39], ['at', 0.39, 0.46], ['that', 0.46, 0.62], ['represent', 0.62, 1.03], ['a', 1.03, 1.07], ['some', 1.07, 1.32], ['unusual', 1.32, 1.69]], 'transcript': 'look at that represent a some unusual ', 'word_confidence': [['look', 0.32], ['at', 0.184], ['that', 0.462], ['represent', 0.674], ['a', 0.478], ['some', 0.34], ['unusual', 0.098]]}]",should,look,0.5071,that,0.8428,represent,0.7029,a,0.4322,some,0.5263,should,0.496
Darwins_Legacy_chunk_230_1497534345207332_count_0_noise_-1_noise_type_White,4,am will it really interested in the,-1,"{'end_time': 19.22, 'confidence': 0.919, 'length': 2, 'word': 'am', 'start_time': 18.86}; {'end_time': 19.55, 'confidence': 0.3319, 'length': 4, 'word': 'will', 'start_time': 19.27}; {'end_time': 19.67, 'confidence': 0.3502, 'length': 2, 'word': 'it', 'start_time': 19.55}; {'end_time': 19.85, 'confidence': 0.7721, 'length': 6, 'word': 'really', 'start_time': 19.67}; {'end_time': 20.22, 'confidence': 0.6761, 'length': 10, 'word': 'interested', 'start_time': 19.85}; {'end_time': 20.54, 'confidence': 0.9582, 'length': 2, 'word': 'in', 'start_time': 20.22}; {'end_time': 20.71, 'confidence': 0.9902, 'length': 3, 'word': 'the', 'start_time': 20.54}",lecture,White,"[{'confidence': 0.503, 'timestamps': [['Philip', 0.74, 1.05], ['Williams', 1.05, 1.37], ['said', 1.37, 1.58], ['in', 1.58, 1.93], ['the', 1.93, 2.09]], 'transcript': 'Philip Williams said in the ', 'word_confidence': [['Philip', 0.294], ['Williams', 0.155], ['said', 0.944], ['in', 0.552], ['the', 0.916]]}]",really,Philip,0.4639,Williams,0.51,said,0.9266,in,0.9248,the,0.9909
American_Civil_War_chunk_144_1497534345207332_count_0_noise_0_noise_type_White,4,they all forms ago March down your,0,"{'end_time': 11.6, 'confidence': 0.7941, 'length': 4, 'word': 'they', 'start_time': 11.42}; {'end_time': 11.98, 'confidence': 0.9706, 'length': 3, 'word': 'all', 'start_time': 11.6}; {'end_time': 12.88, 'confidence': 0.3485, 'length': 5, 'word': 'forms', 'start_time': 12.48}; {'end_time': 13.13, 'confidence': 0.7169, 'length': 3, 'word': 'ago', 'start_time': 12.88}; {'end_time': 13.57, 'confidence': 0.888, 'length': 5, 'word': 'March', 'start_time': 13.13}; {'end_time': 13.96, 'confidence': 0.9914, 'length': 4, 'word': 'down', 'start_time': 13.57}; {'end_time': 14.46, 'confidence': 0.6791, 'length': 4, 'word': 'your', 'start_time': 14.36}",lecture,White,"[{'confidence': 0.579, 'timestamps': [['a', 0.39, 0.43], ['all', 0.43, 0.76], ['pruning', 0.76, 1.26], ['arms', 1.26, 1.71], ['ago', 1.71, 1.96], ['March', 1.96, 2.4], ['down', 2.4, 2.81]], 'transcript': 'a all pruning arms ago March down ', 'word_confidence': [['a', 0.04], ['all', 0.827], ['pruning', 0.084], ['arms', 0.545], ['ago', 0.497], ['March', 0.718], ['down', 0.973]]}]",they,they,0.4039,all,0.9929,pruning,0.3432,arms,0.7295,ago,0.9191,March,0.9391,down,0.9906
Nikola_Tesla_chunk_15_1497534345207332_count_0_noise_22_noise_type_White,4,people build prototypes is just waste time,22,"{'end_time': 6.03, 'confidence': 0.9999, 'length': 6, 'word': 'people', 'start_time': 5.77}; {'end_time': 6.29, 'confidence': 0.5892, 'length': 5, 'word': 'build', 'start_time': 6.03}; {'end_time': 6.92, 'confidence': 0.9939, 'length': 10, 'word': 'prototypes', 'start_time': 6.29}; {'end_time': 7.01, 'confidence': 0.4498, 'length': 2, 'word': 'is', 'start_time': 6.92}; {'end_time': 7.25, 'confidence': 0.9915, 'length': 4, 'word': 'just', 'start_time': 7.01}; {'end_time': 7.63, 'confidence': 0.4412, 'length': 5, 'word': 'waste', 'start_time': 7.27}; {'end_time': 7.93, 'confidence': 0.9999, 'length': 4, 'word': 'time', 'start_time': 7.63}",lecture,White,"[{'confidence': 0.635, 'timestamps': [['people', 0.3, 0.51], ['build', 0.51, 0.75], ['prototypes', 0.75, 1.39], ['is', 1.39, 1.49], ['just', 1.49, 1.71], ['a', 1.71, 1.75], ['waste', 1.75, 2.03], ['of', 2.03, 2.11], ['time', 2.11, 2.37]], 'transcript': 'people build prototypes is just a waste of time ', 'word_confidence': [['people', 0.088], ['build', 0.508], ['prototypes', 0.958], ['is', 0.265], ['just', 0.665], ['a', 0.303], ['waste', 0.325], ['of', 0.325], ['time', 0.995]]}]",people,people,0.4574,build,0.8971,prototypes,0.9682,is,0.5262,just,0.9592,a,0.9052,waste,0.9071,of,0.907,time,0.99
google_Documentary_chunk_20_1497534345207332_count_0_noise_-1_noise_type_White,4,make money somehow and that point we,-1,"{'end_time': 12.6, 'confidence': 0.9282, 'length': 4, 'word': 'make', 'start_time': 12.43}; {'end_time': 12.79, 'confidence': 0.9655, 'length': 5, 'word': 'money', 'start_time': 12.6}; {'end_time': 13.25, 'confidence': 0.9752, 'length': 7, 'word': 'somehow', 'start_time': 12.79}; {'end_time': 13.37, 'confidence': 0.3235, 'length': 3, 'word': 'and', 'start_time': 13.25}; {'end_time': 13.76, 'confidence': 0.3525, 'length': 4, 'word': 'that', 'start_time': 13.59}; {'end_time': 13.98, 'confidence': 0.8692, 'length': 5, 'word': 'point', 'start_time': 13.76}; {'end_time': 14.06, 'confidence': 0.9449, 'length': 2, 'word': 'we', 'start_time': 13.98}",lecture,White,"[{'confidence': 0.515, 'timestamps': [['right', 0.23, 0.42], ['my', 0.42, 0.59], ['somehow', 0.59, 1.07], ['enough', 1.07, 1.39], ['to', 1.39, 1.5], ['appoint', 1.5, 1.81]], 'transcript': 'right my somehow enough to appoint ', 'word_confidence': [['right', 0.114], ['my', 1.0], ['somehow', 0.965], ['enough', 0.219], ['to', 0.239], ['appoint', 0.203]]}]",make,read,0.2159,my,1.0,somehow,0.9439,enough,0.5018,that,0.4961,point,0.7813
Nikola_Tesla_chunk_42_1497534345207332_count_0_noise_-1_noise_type_White,4,the Edison motors so we packed abolished,-1,"{'end_time': 2.46, 'confidence': 0.996, 'length': 3, 'word': 'the', 'start_time': 2.36}; {'end_time': 2.81, 'confidence': 0.5841, 'length': 6, 'word': 'Edison', 'start_time': 2.46}; {'end_time': 3.16, 'confidence': 0.4117, 'length': 6, 'word': 'motors', 'start_time': 2.81}; {'end_time': 4.48, 'confidence': 0.9999, 'length': 2, 'word': 'so', 'start_time': 4.31}; {'end_time': 4.55, 'confidence': 0.9007, 'length': 2, 'word': 'we', 'start_time': 4.48}; {'end_time': 4.83, 'confidence': 0.9676, 'length': 6, 'word': 'packed', 'start_time': 4.56}; {'end_time': 5.24, 'confidence': 0.5778, 'length': 9, 'word': 'abolished', 'start_time': 4.83}",lecture,White,"[{'confidence': 0.383, 'timestamps': [['the', 0.24, 0.35], ['S.', 0.35, 0.6], ['and', 0.6, 0.74], ['others', 0.74, 1.14]], 'transcript': 'the S. and others ', 'word_confidence': [['the', 0.546], ['S.', 0.123], ['and', 0.444], ['others', 0.48]]}, {'confidence': 0.325, 'timestamps': [['so', 2.2, 2.37], ['we', 2.37, 2.45], ['packed', 2.45, 2.72], ['abolish', 2.72, 3.08]], 'transcript': 'so we packed abolish ', 'word_confidence': [['so', 1.0], ['we', 0.362], ['packed', 0.288], ['abolish', 0.026]]}]",packed,the,0.8497,S.,0.4787,and,0.6424,others,0.7212,so,0.9997,we,0.5689,packed,0.4959,the,0.4771,balls,0.2424
Nikola_Tesla_chunk_42_1497534345207332_count_1_noise_19_noise_type_White,4,an and lock couple dollars but he,19,"{'end_time': 19.01, 'confidence': 0.4373, 'length': 2, 'word': 'an', 'start_time': 18.85}; {'end_time': 19.25, 'confidence': 0.5738, 'length': 3, 'word': 'and', 'start_time': 19.01}; {'end_time': 19.75, 'confidence': 0.3446, 'length': 4, 'word': 'lock', 'start_time': 19.25}; {'end_time': 20.05, 'confidence': 0.9525, 'length': 6, 'word': 'couple', 'start_time': 19.81}; {'end_time': 20.54, 'confidence': 0.9681, 'length': 7, 'word': 'dollars', 'start_time': 20.05}; {'end_time': 21.19, 'confidence': 1.0, 'length': 3, 'word': 'but', 'start_time': 21.02}; {'end_time': 21.32, 'confidence': 0.9678, 'length': 2, 'word': 'he', 'start_time': 21.19}",lecture,White,"[{'confidence': 0.28, 'timestamps': [['as', 0.49, 0.65], ['a', 0.68, 0.78], ['result', 0.78, 1.17], ['of', 1.26, 1.39], ['a', 1.39, 1.44], ['dollar', 1.44, 1.76], ['but', 2.44, 2.64]], 'transcript': 'as a result of a dollar but ', 'word_confidence': [['as', 0.068], ['a', 0.221], ['result', 0.041], ['of', 0.208], ['a', 0.672], ['dollar', 0.36], ['but', 0.768]]}]",couple,and,0.4266,a,0.5107,about,0.2808,of,0.4905,a,0.7276,dollar,0.6195,but,0.8495
